Key,"English Value","Kurdish Translation (کوردی)"
30D,30D,
7D,7D,
90D,90D,
Account,Account,
Accounting,Accounting,
Accounting_Dashboard_Subtitle,"Overview & quick actions",
Accounting_Dashboard_Title,"Advanced Accounting",
Accounts,Accounts,
Accounts_cannot_be_the_same,"Accounts cannot be the same",
Account_Created,"Account created",
account_name,"Account name",
account_num,"Account num",
Account_Updated,"Account updated",
Actif,Active,
Action,Action,
Actions,Actions,
Action_Blocked,"Action Blocked",
ActivateUser,"This User Has been Activated",
Active,Active,
Add,Create,
"Add Language","Add Language",
"Add New","Add New",
"Add New Translation","Add New Translation",
AddAnotherPaymentOption,"Add Another Payment Option",
AddCustomer,"Create Customer",
Added,Added,
Addition,Addition,
AddPayment,"Create Payment",
AddPermissions,"Create Permissions",
AddProduct,"Create product",
AddProducts,"Add Products to the Order List",
AddProductToList,"Please Add Product To List !!",
AddPurchase,"Create Purchase",
AddQuantity,"Please Add quantity of product !!",
AddQuote,"Create Quotation",
AddReturn,"Create Return",
AddSale,"Create Sale",
Add_Asset,"Add Asset",
Add_Employee,"Add Employee",
Add_Line,"Add line",
Add_Link,"Add link",
Add_Payment_Method,"Add Payment Method",
Add_Payment_Note,"Add Payment Note",
Add_product_IMEI_Serial_number,"Add product IMEI/Serial Number",
Add_Sale_Note,"Add Sale Note",
Add_this_exact_URL_on_Keys_page_too,"Add this exact URL on the Keys page too.",
Adjustment,Adjustment,
AdjustmentDetail,"Adjustment Detail",
Adjustments,Adjustments,
AdjustmentTypes,"Adjustment types",
Adjust_Customer_Points,"Adjust Customer Points",
Adress,Address,
Afewwords,"A few words ...",
AgeDays,"Age (days)",
AlertQuantity,"Alert Quantity",
All,All,
"All changes saved successfully","All changes saved successfully",
AllAccounts,"All Accounts",
Allocated_Header,"Allocated header",
Allocate_Header_Discount,"Allocate header discount",
AllPaymentMethods,"All Payment Methods",
AllWarehouses,"All Warehouses",
All_Brand,"All Brand",
All_Category,"All Category",
All_clients_are_synced,"All clients are synced",
All_Modules_Installed,"All Modules Installed",
All_Status,"All statuses",
All_time,"All time",
All_Warehouses,"All Warehouses",
AlreadyAdd,"This Product Already Added !!",
Already_have_an_account,"Already have an account ?",
Amount,Amount,
AmountHT,"Amount HT",
AmountPaying,"Amount Paying",
AmountTTC,"Amount TTC",
and_save_it_to_your_pc,"and save it to your pc",
Annual_Leave,"Annual Leave",
Appearance_Settings,"Appearance Settings",
Apply,Apply,
app_name,"App Name",
AreYouSure,"Are you sure?",
Are_you_sure_you_want_to_duplicate_this_product,"Are you sure you want to duplicate this product",
"Aspect ratio differs from recommendation","Aspect ratio differs from recommendation",
Asset,Asset,
Assets,Assets,
Assets_List,"Assets List",
Asset_Categories,"Asset Categories",
Asset_Category,"Asset Category",
Asset_Management,"Asset Management",
ASSET_VALUE,"ASSET VALUE",
Assigned_Employees,"Assigned Employees",
Assigned_warehouses,"Access warehouses",
As_Of,"As of",
Attachment,Attachment,
AttachmentQuote,"Please find the attachment for your Quotation",
Attendance,Attendance,
Attendances,Attendances,
attendance_summary,"Attendance summary",
At_Least_One_Line,"At least one line is required",
Audit,Audit,
Automatic_cart_sync,"Automatic cart synchronization",
Available,Available,
Available_Points,"Available Points",
Available_Tags,"Available Tags",
AvgItemsPerTransfer,"Avg. items per transfer",
AvgPerPurchase,"Avg per purchase",
AvgValuePerTransfer,"Avg. value per transfer",
Back,Back,
Backup,Backup,
BackupDatabase,"Backup Database",
balance,Balance,
Balanced,Balanced,
Balance_Check,Check:,
Balance_Sheet_Link,"Balance Sheet",
Balance_Sheet_Subtitle,"Assets = Liabilities + Equity",
Balance_Sheet_Title,"Balance Sheet",
bank_account,"bank account",
Bank_Branch,"Bank Branch",
Bank_Name,"Bank Name",
Bank_Number,"Bank Number",
Banners,Banners,
Barcode,Barcode,
BarcodeSymbology,"Barcode Symbology",
Barcode_must_be_unique,"Barcode must be unique",
BaseUnit,"Base Unit",
BasicInformation,"Basic Information",
Basic_Information,"Basic Information",
Basic_salary,"Basic salary",
Billing_Cycle,"Billing Cycle",
Birth_date,"Birth date",
Brand,Brand,
BrandDescription,"Brand Description",
BrandImage,"Brand Image",
Branding,Branding,
BrandManager,Brand,
BrandName,"Brand Name",
Bucket,Bucket,
Buckets,Buckets,
"Bulk save failed","Bulk save failed",
Bulk_sync_unsynced_clients,"Bulk sync unsynced clients",
BuyingPrice,"Buying price",
"By Product","By Product",
"By Variant","By Variant",
ByAmount,"By Amount",
ByQuantity,"By quantity",
ByValue,"By value",
By_Day,"By Day",
By_Product,"By Product",
By_Tax_Rate,"By Tax Rate",
By_User,"By User",
By_Variant,"By Variant",
Cache_cleared_successfully,"Cache cleared successfully",
Callback,Callback,
Cancel,Cancel,
Canceled,Canceled,
Cancelled,cancelled,
Cancel_order_hint,"This will mark the order as cancelled.",
Cancel_this_order_Q,"Cancel this order?",
CannotSubstraction,"You cannot subtraction products which have stock 0",
cannot_be_negative,"cannot be negative",
Card,Card,
Card_Info_Secure_Stripe,"Your card information is securely processed by Stripe",
"Cash In","Cash In",
"Cash Out","Cash Out",
Cashier,Cashier,
Cash_Flow_Report,"Cash Flow Report",
Cash_Register_Report,"Cash Register Report",
Categorie,Category,
Categories,Category,
Category,Category,
Category_is_required,"Category is required",
Change,Change,
ChangeAvatar,"Change Avatar",
ChangeFavicon,"Change Favicon",
ChangeLogo,"Change Logo",
ChangeReturn,"Change Return",
Change_product_details,"Change product details",
Chart_of_Accounts_Link,"Chart of Accounts",
Chart_of_Accounts_Subtitle,"Manage your GL structure with parent/child relationships.",
Chart_of_Accounts_Title,"Chart of Accounts",
ChooseProduct,"Choose Product",
ChooseWarehouse,"Choose Warehouse",
Choose_Account,"Choose Account",
Choose_Base_Unit,"Choose Base Unit",
Choose_Brand,"Choose Brand",
Choose_Category,"Choose Category",
Choose_Company,"Choose Company",
Choose_Currency,"Choose Currency",
Choose_Customer,"Choose Customer",
Choose_Department_Head,"Choose Department Head",
Choose_Designation,"Choose Designation",
Choose_Employee,"Choose Employee",
Choose_Family_status,"Choose Family status",
Choose_Gateway,"Choose SMS Gateway",
Choose_Gender,"Choose Gender",
Choose_Interval,"Choose interval",
Choose_leave_type,"Choose leave type",
Choose_Method,"Choose Method",
Choose_Office_Shift,"Choose Office Shift",
Choose_Operator,"Choose Operator",
Choose_Project,"Choose Project",
Choose_Purchase_Ref,"Choose Purchase Ref",
Choose_Sale_Ref,"Choose Sale Ref",
Choose_SMS_Gateway,"Choose SMS Gateway",
Choose_Status,"Choose status",
Choose_Sub_Category,"Choose SubCategory",
Choose_Supplier,"Choose Supplier",
Choose_Symbology,"Choose symbology",
Choose_Team,"Choose Team",
Choose_Unit_Product,"Choose Product Unit",
Choose_Unit_Purchase,"Choose Purchase Unit",
Choose_Unit_Sale,"Choose Sale Unit",
Choose_Warehouse,"Choose Warehouse",
City,City,
clear,Clear,
Clear_all,"Clear all",
Clear_Cache,"Clear Cache",
Clear_Logs,"Clear Logs",
Clear_Selection,"Clear Selection",
Click_Generate_New_Token_to_create,"Click Generate New Token to create your customer display URL and QR code",
Click_input_to_select_then_use_copy_button,"Click the input to select, then use the Copy button",
Client,Client,
Clients,clients,
Clients_Sync,"Clients Sync",
Client_ID,"Client ID",
Client_Secret,"Client Secret",
Client_sync_attempted,"Client sync attempted",
Client_sync_failed,"Client sync failed",
Close,Close,
"Close Register","Close Register",
Closed,Closed,
Closing,Closing,
Closing_Notes,"Closing Notes",
Code,Code,
Codecategorie,"Category Code",
CodeProduct,"Code Product",
code_must_be_not_exist_already,"code must be not exist already",
Collection,Collection,
Collections,Collections,
Collection_Details,"Collection Details",
Collection_saved_but_products_not_synced,"Collection saved, but products could not be synced.",
ComboProduct,"Combo Product",
ComboProducts,"Combo Products",
Comma_separated_cutoffs_default,"Comma-separated cutoffs, default",
Company,Company,
CompanyAdress,"Company Address",
CompanyName,"Company Name",
CompanyNameArabic,"Company Name (Arabic)",
CompanyPhone,"Company Phone",
Company_Info,"Company Info",
Company_Name,"Company Name",
complete,Completed,
Completed,Completed,
Complete_Lines_Message,"Please complete required fields on lines",
Complete_Payment,"Complete Payment",
Confirm,Confirm,
confirmed,confirmed,
Confirm_Clear_All,"Are you sure you want to clear all selected products?",
Confirm_Delete_This_Item,"Are you sure you want to delete this item?",
Confirm_password,"Confirm password",
Confirm_this_order_Q,"Confirm this order?",
Confirm_to_sale_hint,"This will convert the online order into a Sale and deduct stock.",
Connect,Connect,
Connected,Connected,
Connection,Connection,
Connection_failed,"Connection failed",
Connection_Status,"Connection status",
Connection_successful,"Connection successful",
Connect_to_QuickBooks,"Connect to QuickBooks",
Connect_to_QuickBooks_first,"Connect to QuickBooks first",
Consumer_Key,"Consumer Key",
Consumer_Secret,"Consumer Secret",
Contact,Contact,
Contact_Address,"Contact address",
Contact_Email,"Contact email",
Contact_Phone,"Contact phone",
Context,Context,
Convert,Convert,
Converted,Converted,
Copied_to_clipboard,"Copied to clipboard",
Copy,Copy,
Copy_to_clipboard,"Copy to clipboard",
Cost,Cost,
couldNotFind,"We could not find the page you were looking for.Meanwhile, you may",
Could_not_save_order,"Could not save the order.",
Count,Count,
Counted_Cash,"Counted Cash",
Country,Country,
CountStock,"Count Stock",
Create,Create,
CreateAdjustment,"Create Adjustment",
Created_by,"Added by",
Created_in_successfully,"Created in successfully",
CreatePurchaseReturn,"Create Purchase Return",
CreateReturnCustomer,"Create Return Customer",
CreateReturnSupplier,"Create Return Supplier",
CreateSale,"Create Sale",
CreateSaleReturn,"Create Sale Return",
CreateTransfer,"Create Transfer",
Create_an_account,"Create an account",
Create_a_new_product_with_all_details,"Create a new product with all details",
Create_Damage,"Create Damage",
Create_deposit,"Create deposit",
Create_Expense,"Create Expense",
Create_from_WordPress_Profile,"Create from WordPress Profile",
Create_Permission,"Create Permission",
Create_Project,"Create Project",
Create_Quotation_with_Stock,"Create Quotation with Stock",
Create_secure_token_info,"Create a secure token for your customer display. Tokens expire in 24 hours for security.",
Create_Susbscription,"Create Susbscription",
Create_Task,"Create Task",
Create_Transfer,"Create Transfer",
Credit,Credit,
Credit_Card,"Credit Card",
credit_card_account_not_available,"Credit card account not available",
Credit_card_changed_successfully,"Credit card changed successfully",
Credit_Card_Info,"Credit card info",
Currencies,Currency,
Currency,Currency,
CurrencyCode,"Currency Code",
CurrencyName,"Currency Name",
CurrentStock,Stock,
Current_stock,"Current Stock",
Current_Version,"Current Version",
Customer,Customer,
CustomerCode,"Customer Code",
CustomerDetails,"Customer Details",
CustomerManagement,"Customer Management",
CustomerName,"Customer Name",
CustomerPaiementsReport,"Customer Payments Report",
CustomerQuotationsReport,"Customer Quotations Report",
Customers,Customers,
CustomerSalesReport,"Customer Sales Report",
CustomersList,Customers,
CustomersReport,"Customers Report",
Customers_without_ecommerce_notice,"customers not having an account in the online store.",
Customer_Credit_Note,"Customer Credit Note",
Customer_details,"Customer Details",
Customer_Display_Configuration,"Customer Display Configuration",
Customer_Display_Configuration_Subtitle,"Set up and manage your customer-facing display for the POS system",
Customer_Info,"Customer Info",
Customer_Invoice,"Customer Invoice",
Customer_Ledger,"Customer Ledger",
Customer_Loyalty_Points_Report,"Customer Loyalty Points Report",
Customer_Provider,Customer/Provider,
Customer_Screen,"Customer Screen",
CustomRange,"Custom range",
CustomUpload,"Custom Upload",
Daily,Daily,
DailyPurchasesData,"Daily Purchases Data",
DailySalesData,"Daily Sales Data",
dailySalesPurchases,"Daily Sales & Purchases",
Damages,Damages,
Damage_Detail,"Damage Detail",
dashboard,Dashboard,
date,Date,
DateRange,"Date range",
Day,Day,
Days,days,
DaysInactive,"Days inactive",
DaysSinceLastMovement,"Days since last movement",
DaysSinceLastSale,"Days since last sale",
Dead_Stock_Report,"Dead Stock Report",
Debit,Debit,
Default,Default,
DefaultCurrency,"Default Currency",
DefaultCustomer,"Default Customer",
DefaultEmail,"Default Email",
DefaultLanguage,"Default Language",
DefaultWarehouse,"Default Warehouse",
Default_SMS_Gateway,"Default SMS Gateway",
Del,Delete,
Delete,Delete,
Deleted_in_successfully,"Deleted in successfully",
Deleted_successfully,"Deleted successfully",
DeletePurchase,"Delete Purchase",
DeleteQuote,"Delete Quotation",
DeleteReturn,"Delete Return",
DeleteSale,"Delete Sale",
Delete_Account_Question,"Are you sure you want to delete",
Delete_Account_Title,"Delete Account",
Delete_Account_Warning,"This will permanently delete the account.",
Delete_cancelButtonText,Cancel,
Delete_confirmButtonText,"Yes, delete it!",
Delete_Customer,"Delete Customer",
Delete_Deleted,Deleted!,
Delete_Draft_Entry_Question,"Delete this draft entry?",
delete_employee,"Delete employee",
Delete_Failed,"Delete failed.",
Delete_Provider,"Delete Provider",
Delete_Text,"You won\'t be able to revert this!",
Delete_Therewassomethingwronge,"There was something wronge",
Delete_Title,"Are you sure?",
Delivered,Delivered,
delivered_to,"Delivered To",
DemoVersion,"You cannot do this in the demo version",
department,Department,
Departments,Departments,
Department_Head,"Department Head",
Deposits,Deposits,
Deposits_Report,"Deposits Report",
deposit_add,"add deposit",
Deposit_Category,"Deposit category",
deposit_delete,"delete deposit",
deposit_edit,"edit deposit",
deposit_view,"view deposit",
Dernièrescinqrecords,"Last five records",
Description,Description,
Description_Placeholder,Description,
Designation,Designation,
Designations,Designations,
DetailQuote,"Detail Quotation",
Details,Details,
developed_by,"Developed by",
Development,Development,
Difference,Difference,
Dimension,Dimension,
Direction,Direction,
Disabled,Disabled,
DisActivateUser,"This User Has been Deactivated",
Disconnect,Disconnect,
Disconnected,Disconnected,
Discount,Discount,
DiscountsOverTime,"Discounts Over Time",
Discount_Method,"Discount Type",
Discount_Summary_Report,"Discount Summary Report",
Display_limit,"Display limit",
Display_not_connecting_A,"Check that the device is on the same network and use the full URL including the token.",
Display_not_connecting_Q,"Display not connecting?",
Display_updates_automatically,"Display updates automatically as items are added",
Display_URL,"Display URL",
Display_URL_Placeholder,"Your display URL will appear here",
Documentation,Doc,
Documents,Documents,
DownloadPdf,"Download Pdf",
Download_exemple,"Download example",
Download_PDF,"Download PDF",
Draft,Draft,
Draft_Created_successfully,"Draft Created successfully",
Draft_Invoices_Report,"Draft Invoices Report",
Draft_Sale_Deleted,"Draft Sale Deleted",
Due,Due,
Dynamic_Appearance,"Dynamic Appearance",
"e.g. 30,60,90","e.g. 30,60,90",
Edit,Edit,
EditAdjustement,"Edit Adjustement",
EditCustomer,"Edit Customer",
EditPayment,"Edit Payment",
EditProduct,"Edit Product",
EditPurchase,"Edit Purchase",
EditPurchaseReturn,"Edit Purchase Return",
EditQuote,"Edit Quotation",
EditReturn,"Edit Return",
EditReturnCustomer,"Edit Return Customer",
EditReturnSupplier,"Edit Return Supplier",
EditSale,"Edit Sale",
EditSaleReturn,"Edit Sale Return",
EditTransfer,"Edit Transfer",
Edit_Account,"Edit Account",
Edit_Asset,"Edit Asset",
Edit_Collection,"Edit Collection",
Edit_Customer,"Edit Customer",
Edit_Damage,"Edit Damage",
edit_employee,"Edit employee",
Edit_Expense,"Edit Expense",
Edit_Online_Store_Account,"Edit Online Store Account",
Edit_Payment,"Edit Payment",
Edit_Permission,"Edit Permission",
Edit_Project,"Edit Project",
Edit_Provider,"Edit Provider",
Edit_Shipping,"Edit Shipping",
Edit_Task,"Edit Task",
edit_tax_and_discount_and_shipping,"edit tax and discount and shipping",
Effective_Rate,"Effective rate",
Email,Email,
EmailCustomer,"Email Customer",
EmailPurchase,"Send Purchase on Email",
EmailReturn,"Send Return on Email",
EmailSale,"Send Sale on Email",
EmailSupplier,"Supplier Email",
Email_Address,"Email Address",
Email_body,"Email body",
email_notification,"Email notification",
Email_Subject,"Email Subject",
email_templates,"Email Templates",
Employee,Employee,
Employees,Employees,
Employee_Details,"Employee Details",
Employment_type,"Employment type",
Enable,Enable,
Enabled,Enabled,
Enable_Auto_Sync,"Enable auto sync",
Enable_Print_Invoice,"Print Invoice automatically",
Enable_ZATCA_QR_on_Sales_Receipts,"Enable ZATCA QR on Sales Receipts",
EnAttendant,Pending,
encryption,MAIL_ENCRYPTION,
Entered_points_exceed_available,"Entered points exceed available",
Enter_account_name,"Enter account name",
Enter_account_num,"Enter account num",
Enter_Address,"Enter Address",
Enter_Annual_Leave,"Enter Annual Leave",
Enter_Attendance_date,"Enter attendance date",
Enter_Bank_Branch,"Enter Bank Branch",
Enter_Bank_Name,"Enter Bank Name",
Enter_Bank_Number,"Enter Bank Number",
Enter_Basic_salary,"Enter Basic salary",
Enter_Birth_date,"Enter birth date",
Enter_City,"Enter City",
Enter_City_Warehouse,"Enter Warehouse City",
Enter_Code_category,"Enter category Code",
Enter_Code_Currency,"Enter Code Currency",
Enter_Company_Country,"Enter company country",
Enter_Company_Name,"Enter company name",
Enter_Company_Phone,"Enter company phone",
Enter_Country,"Enter Country",
Enter_Country_Warehouse,"Enter Warehouse Country",
Enter_Department_Name,"Enter department name",
Enter_Description,"Enter Description",
Enter_Description_Brand,"Enter Description Brand",
Enter_email_address,"Enter email address",
Enter_Email_Warehouse,"Enter Warehouse Email",
Enter_Facebook,"Enter Facebook",
Enter_Finish_date,"Enter finish date",
Enter_FirstName,"Enter First Name",
Enter_Hourly_rate,"Enter Hourly rate",
Enter_initial_balance,"Enter initial balance",
Enter_joining_date,"Enter joining date",
Enter_LastName,"Enter Last Name",
Enter_Leaving_Date,"Enter Leaving Date",
Enter_LinkedIn,"Enter LinkedIn",
Enter_location,"Enter location",
Enter_Minimum_Selling_Price,"Enter Minimum Selling Price",
Enter_Name_Brand,"Enter Name Brand",
Enter_name_category,"Enter category Name",
Enter_name_Currency,"Enter name Currency",
Enter_Name_Product,"Enter Name Product",
Enter_Name_Unit,"Enter Unit Name",
Enter_Name_Warehouse,"Enter Warehouse Name",
Enter_New_Credit_Card,"Enter New Credit Card",
Enter_Operation_Value,"Enter Operation Value",
Enter_Payment_Method,"Enter Payment Method",
Enter_Phone_Number,"Enter Phone Number",
Enter_Phone_Warehouse,"Enter Warehouse Phone",
Enter_Product_Code,"Enter Product Code",
Enter_Product_Cost,"Enter Product Cost",
Enter_Product_Price,"Enter Product Price",
Enter_Project_Title,"Enter Project Title",
Enter_Province,"Enter Province",
Enter_Reason_Leave,"Enter Reason Leave",
Enter_Role_Description,"Enter Role Description",
Enter_Role_Name,"Enter Role Name",
Enter_Shift_name,"Enter Shift name",
Enter_ShortName_Unit,"Enter shortname Unit",
Enter_Skype,"Enter Skype",
Enter_Start_date,"Enter start date",
Enter_Stock_alert,"Enter Stock alert",
Enter_Store_URL,"Enter store URL",
Enter_Symbol_Currency,"Enter Symbol Currency",
Enter_Task_Title,"Enter Task Title",
Enter_the_Variant,"Enter the Variant",
Enter_title,"Enter title",
Enter_Twitter,"Enter Twitter",
Enter_warranty_terms,"Enter warranty terms",
Enter_WhatsApp,"Enter WhatsApp",
Enter_Wholesale_Price,"Enter Wholesale Price",
Enter_ZipCode_Warehouse,"Enter Warehouse Zip Code",
Enter_Zip_code,"Enter Zip code",
Entry_Created_Draft,"Entry created (draft)",
Entry_Updated,"Entry updated",
Env,Env,
Environment,Environment,
Equity,Equity,
Error,Error!,
Errors,Errors,
Error_Logs,"Error Logs",
erroSale,"This sale already linked with a Return!",
Example_Code,"e.g. 1000",
Example_Name,"e.g. Cash",
EXCEL,Excel,
Exp,"Expiry Date",
Expense,Expense,
Expenses,Expenses,
Expense_30d,"Expense (30d)",
expense_add,"add expense",
Expense_Category,"Expense Category",
Expense_Created,"This Expense has been Created",
expense_delete,"delete expense",
Expense_Deleted,"This Expense has been deleted",
expense_edit,"edit expense",
Expense_List,"All Expenses",
Expense_Report,"Expense Report",
Expense_Updated,"This Expense has been Updated",
Experiences,Experiences,
Export_Excel,"Export Excel",
Export_PDF,"Export PDF",
Facebook,Facebook,
FactureReturnCustomers,"Return Customer Invoice",
FactureReturnSuppliers,"Return Supplier Invoice",
Failed,Failed,
"Failed to add translation","Failed to add translation",
"Failed to update","Failed to update",
Failed_Load_Tax_Summary,"Failed to load tax summary. Please try again.",
Failed_to_authenticate_on_SMTP_server,"Failed to authenticate on SMTP server",
Failed_to_clear_cache,"Failed to clear cache",
Failed_to_copy_to_clipboard,"Failed to copy to clipboard",
Failed_to_disconnect,"Failed to disconnect",
Failed_to_generate_token,"Failed to generate token",
Failed_to_load,"Failed to load.",
Failed_to_load_audit_logs,"Failed to load audit logs",
Failed_to_load_client_stats,"Failed to load client stats",
Failed_to_load_settings,"Failed to load settings",
Failed_to_load_status,"Failed to load status",
Failed_to_load_unsynced_clients,"Failed to load unsynced clients",
Failed_to_save_settings,"Failed to save settings",
Failed_to_sync_clients,"Failed to sync clients",
Failed_to_update_subscription_status,"Failed to update subscription status",
Family_status,"Family Status",
Favicon,Favicon,
Featured_Product,"Featured Product",
Features,Features,
Field_is_required,"This Field is required",
field_must_be_in_csv_format,"Field must be in csv format",
Field_optional,"Field optional",
file,file,
Filesize,"File size",
file_size_must_be_less_than_1_mega,"File size must be less than 1 mega",
Filter,Filter,
Filters,Filters,
Filter_by_warehouse,"Filter by warehouse",
Finish_Date,"Finish date",
Firstname,"First Name",
Flag,Flag,
Font_Family,"Font family",
footer,footer,
Footer_Text,"Footer text",
Forgot_Password,"Forgot Password ?",
friday_in,"Friday In",
friday_out,"Friday Out",
From,From,
FromWarehouse,"From Warehouse",
From_Account,"From Account",
From_Intuit_Keys_Identifies_App,"From Intuit Developer → Keys. This identifies your app to QuickBooks.",
From_Intuit_Keys_Keep_private_rotate,"From Intuit Developer → Keys. Keep this private. Rotate it if you suspect exposure.",
Fullscreen,Fullscreen,
Gateway,"SMS Gateway",
Gender,Gender,
GenerateBackup,"Generate Backup",
Generate_Access_Token,"Generate Access Token",
Generate_New_Token,"Generate New Token",
Generate_new_tokens_anytime,"Generate new tokens anytime to rotate access",
Generating,Generating,
Go_back_to_home,"Go back to homepage",
Grand,Grand,
Grand_Total,"Grand Total",
Gross_Profit,"Gross Profit",
Group,Group,
GroupBy,"Group by",
GroupPermissions,"Group Permissions",
Guarantee_Period,"Guarantee Period",
HasGuarantee,"Has Guarantee",
Header_Discount,"Header discount",
Hello,Hello,
Hero,Hero,
Hero_Header,"Hero header",
Hero_Image,"Hero image",
Hero_Subtitle,"Hero subtitle",
Hero_Title,"Hero title",
Holiday,Holiday,
Holidays,Holidays,
Homepage_Blocks,"Homepage blocks",
HOST,MAIL_HOST,
Hourly,Hourly,
Hourly_rate,"Hourly rate",
How_to_Use,"How to Use",
hrm,HRM,
ID,ID,
If_matching_email_exists_reuse_instead_of_duplicate,"If a matching email exists in QBO, we’ll re-use it instead of creating a duplicate.",
image,Image,
IMEI_SN,IMEI/SN,
Import_Customers,"Import Customers",
import_products,"Import products",
Import_Purchases,"Import Purchases",
Import_Suppliers,"Import Suppliers",
Inactif,Inactive,
Inactive,Inactive,
Inactive_Customers_Report,"Inactive Customers Report",
Inbound,Inbound,
Include_Points_Discounts,"Include points-based discounts",
Income,Income,
IncomeExpenses,"Income & Expenses",
Income_30d,"Income (30d)",
Income_Account_Name,"Income Account Name",
Income_Account_Name_Hint,"If left empty, we’ll use “Sales of Product Income” by default. When syncing, we’ll search QBO for an account with this exact name, if none exists, we’ll use “Sales of Product Income” by default.",
Incomplete,Incomplete,
Incorrect_Login,"Incorrect Login",
Inflow,Inflow,
Inflow_vs_Outflow_by_Group,"Inflow vs Outflow by Group",
initial_balance,"Initial balance",
Input_Tax,"Input Tax",
InsufficientStock,"Insufficient stock for",
Insufficient_stock_for,"Insufficient stock for:",
Invalid,Invalid,
InvalidData,"Something went wrong",
Inventory,Inventory,
Inventory_Valuation,"Inventory Valuation",
Inventory_Valuation_Based_on_Average_Cost,"Inventory Valuation Based on Average Cost",
Invoice,Invoice,
invoice_footer,"Invoice footer",
Invoice_Info,"Invoice Info",
Invoice_POS,"Invoice POS",
In_Progress,"In Progress",
In_Stock,"In stock",
In_Use,"In Use",
Is_Royalty_Eligible,"Is royalty eligible",
Items,Items,
Items_appear_realtime,"Items from the POS cart will appear in real-time",
Items_not_updating_A,"Ensure the POS system is running and the display URL is actively being used.",
Items_not_updating_Q,"Items not updating?",
Items_will_appear_here_as_added_to_cart,"Items will appear here as they're added to the cart",
ITEM_NAME,"ITEM NAME",
joining_date,"Joining date",
Journal_Entries_30d,"Journal Entries (30d)",
Journal_Entries_Link,"Journal Entries",
Journal_Entries_Subtitle,"Create manual entries and browse posted journals.",
Journal_Entries_Title,"Journal Entries",
Journal_Number,"Journal #%{number}",
Journal_Status_Draft,Draft,
Journal_Status_Posted,Posted,
Keep,Keep,
Laivrison,Delivery,
Language,Language,
Languages,Languages,
Last4,"Last 4 Digits",
Last5Sales,"Last 5 Sales",
LastInbound,"Last inbound",
LastMovement,"Last movement",
lastname,"Last Name",
LastPurchase,"Last purchase",
LastSale,"Last sale",
Last_30_days,"Last 30 days",
Last_5_Log_Entries,"Last 5 log entries",
Last_60_days,"Last 60 days",
Last_7_days,"Last 7 days",
Last_90_days,"Last 90 days",
Last_Sync,"Last sync",
Last_Synced_Orders,"Last synced orders",
Last_Sync_Time,"Last sync time",
LeaveBlank,"Please leave this field blank if you haven\'t changed it",
Leave_Reason,"Leave Reason",
Leave_request,"Leave Request",
Leave_type,"Leave Type",
Leaving_Date,"Leaving Date",
Level,Level,
Liabilities,Liabilities,
Liability,Liability,
Limit,Limit,
Lines,Lines,
Line_Discount,"Line discount",
LinkedIn,LinkedIn,
ListAdjustments,"All Adjustments",
ListExpenses,"All Expenses",
ListofBrand,Brands,
ListofCategory,"List of Category",
ListPurchases,"All Purchases",
ListQuotations,"All Quotations",
ListReturns,"All Returns",
ListSales,"All Sales",
ListTransfers,"All Transfers",
List_accounts,"List accounts",
List_Deposit,"List Deposit",
list_product_returns,"list product returns",
Live_QB_company,"Live QuickBooks company (real customers & invoices).",
Loading,Loading,
Locale,Locale,
Location,Location,
LoginCaptcha,"Login Captcha",
Logo,Logo,
logout,Logout,
"Looks good","Looks good",
LowStock,"Quantity exceeds quantity available in stock",
Loyalty_Eligible,"Loyalty Eligible",
Loyalty_Points_Help,"When enabled, this customer will earn loyalty points on eligible purchases and can redeem them later.",
mail_settings,"Mail Settings",
Maintenance,Maintenance,
managementCategories,"Categories management",
ManagementCurrencies,"Currency Management",
managementTax,"Tax management",
managementUnitPurchases,"Purchases Unit",
managementUnitSales,"Sales Unit",
ManagementWarehouse,"Warehouse Management",
ManagerUnits,"Units Management",
Memo,Memo,
Message,Message,
Messages,Messages,
Method,Method,
Minimum_Selling_Price,"Minimum Selling Price",
Min_Selling_Price,"Min Selling Price",
ModePaiement,"Paid by",
Module_Disabled_success,"Module Disabled successfully",
Module_enabled_success,"Module enabled successfully",
module_settings,"Module Settings",
Monday_In,"Monday In",
Monday_Out,"Monday Out",
MontantReste,"Amount left",
Months,Months,
MTD,"Month to date",
MultipleImage,"Multiple Image",
must_be_exist,"unit must already be created",
Must_match_Intuit_redirect_exactly,"Must match the value on your Intuit app exactly (scheme, host, path).",
Name,Name,
Namecategorie,"Category Name",
Name_product,Name,
Negative_Stock_Report,"Negative Stock Report",
Net,Net,
NetAdjustmentsOverTime,"Net adjustments over time",
NetCashFlow,"Net Cash Flow",
NetCashFlowOverTime,"Net Cash Flow Over Time",
NetQty,"Net qty",
Net_Profit,"Net Profit",
Net_Purchases,"Net Purchases",
Net_Sales,"Net Sales",
Net_Tax,"Net Tax",
Net_Unit_Cost,"Net Unit Cost",
Net_Unit_Price,"Net Unit Price",
Never_Moved,"Never moved",
Never_Purchased,"Never purchased",
Never_Sold,"Never sold",
New,New,
NewAdjustement,"New Adjustement",
Newpassword,"New password",
Newsletter,Newsletter,
New_Account,"New Account",
New_Collection,"New Collection",
New_Customer,"New Customer",
Nexmo_SMS,"Nexmo SMS",
Next,Next,
next_billing_date,"next billing date",
No,No,
"No changes to save","No changes to save",
NodataAvailable,"No data Available",
None,None,
Note,Note,
notes,Notes,
Note_to_customer,"Note to customer",
Note_update,"Make sure you backup your Current version & database before you run the Upgrade , To restore it if there is an error",
NotFound,"Page not found.",
Notice,Notice,
Notification_Client,"Notification Client",
Notification_Supplier,"Notification Supplier",
notification_template,"Notification Template",
Not_Available,"Not available",
Not_Balanced,"Not balanced",
Not_connected_to_QuickBooks,"Not connected to QuickBooks.",
Not_Started,"Not Started",
Not_Synced,"Not synced",
No_actions_available,"No actions available",
No_clients_were_synced,"No clients were synced",
No_dashboard_permission,"You don't have permission to view the dashboard.",
No_items,"No items",
No_message_selected,"No message selected",
no_name,"no name",
No_products_in_collection_yet,"No products in this collection yet",
No_results,"No results",
No_Token_Generated_Yet,"No Token Generated Yet",
Num,N°,
Number,Number,
Occurred_At,"Occurred At",
Of,of,
Office_Shift,"Office Shift",
Old_tokens_invalid_immediately,"Old tokens become invalid immediately",
OnHand,"On hand",
Online_Orders,"Online Orders",
Only_clients_without_quickbooks_customer_id_are_candidates,"Only clients without quickbooks_customer_id (empty or null) are candidates.",
Only_Unconverted,"Only unconverted",
On_Hold,"On Hold",
oops,"Oops! Page not found.",
Open,Open,
"Open Register","Open Register",
Opened,Opened,
Opening,Opening,
OpeningStock,"Opening Stock",
Opening_Balance,"Opening Balance",
Opening_Stock,"Opening Stock",
Open_URL_on_display_device,"Open the URL on your customer-facing display device",
Operation,Operation,
OperationValue,"Operation Value",
Operation_Failed,"Operation failed",
Operation_failed_try_again,"Operation failed. Please try again.",
Operator,Operator,
Options,Options,
Order,Order,
Ordered,Ordered,
Orders,Orders,
OrdersManager,"Orders Management",
OrderStatistics,"Sales Statistics",
OrderTax,"Order Tax",
Order_cancelled,"Order cancelled",
Order_confirmed,"Order confirmed",
Order_confirmed_as_sale,"Order confirmed as Sale :ref",
Order_determines_display_priority,"The order determines the display priority.",
order_products,"Order items",
Order_saved,"Order saved.",
Order_Summary,"Order Summary",
Outbound,Outbound,
Outflow,Outflow,
Output_Tax,"Output Tax",
Out_of_Stock,"Out of stock",
Overall_progress,"Overall progress",
Packed,Packed,
Page,Page,
page_not_exist,"Sorry! The page you were looking for doesn\'t exist.",
page_title_suffix,"Page title suffix",
Page_total,"Page total",
Page_totals,"Page totals",
Paid,Paid,
PaiementsNet,"Payments Net",
PaiementsReceived,"Payments Received",
PaiementsSent,"Payments Sent",
Paper_size,"Paper size",
Parent,Parent,
Parentcategorie,"Parent category",
partial,Partial,
password,Password,
Paste_value_exactly_as_in_app_keys,"Paste the value exactly as shown in your app’s Development/Production keys.",
Pay,Pay,
PayeBy,"Paid By",
Paying,Paying,
Paying_Amount,"Paying Amount",
Paying_amount_is_greater_than_Grand_Total,"Paying amount is greater than Grand Total",
Paying_amount_is_greater_than_Received_amount,"Paying amount is greater than received amount",
Paying_amount_is_greater_than_Total_Due,"Paying amount is greater than Total Due",
Payment,Payment,
Paymentchoice,"Payment choice",
PaymentComplete,"Payment complete!",
PaymentMethod,"Payment Method",
PaymentOption,"Payment Option",
Payments,Payments,
PaymentsByMethod,"Payments By Method",
PaymentsOverTime,"Payments Over Time",
PaymentsPurchases,"Payments Purchases",
PaymentsReport,"Payments Report",
PaymentsReturns,"Payments Returns",
PaymentsSales,"Payments Sales",
PaymentStatus,"Payment Status",
payments_Purchases_Return,"Payments Purchases Return",
payments_Sales_Return,"Payments Sales Return",
Payments_Total,"Payments (Total)",
Payment_Breakdown,"Payment Breakdown",
Payment_Checkout,"Payment Checkout",
Payment_Date,"Payment Date",
Payment_Gateway,"Payment Gateway",
Payment_Method,"Payment Method",
Payment_Methods,"Payment Methods",
Payment_note,"Payment Note",
Payment_Purchases,"Payment Purchases",
Payment_Received,"Payment Received",
Payment_Ref,"Payment Ref",
Payment_Sent,"Payment Sent",
Payment_Sent_Received,"Payment Sent & Received",
Payment_Status,"Payment Status",
payNow,"Pay Now",
Payroll,Payroll,
pay_all_purchase_due_at_a_time,"pay all purchase due at a time",
pay_all_purchase_return_due_at_a_time,"pay all purchase return due at a time",
pay_all_sell_due_at_a_time,"pay all sell due at a time",
pay_all_sell_return_due_at_a_time,"pay all sell return due at a time",
Pay_Due,"Pay Due",
Pending,pending,
People,People,
PeopleManager,"People Management",
Perfect_for_showing_purchases,"Perfect for showing customers their purchases",
Period,Period,
PermissionsManager,"Permissions Management",
Per_page,"Per page",
Phone,Phone,
"Please reload the page after saving translations to apply the changes.","Please reload the page after saving translations to apply the changes.",
PleaseSelect,"Please Select",
PleaseSelectStatut,"Please Select Status",
PleaseSelectSupplier,"Please Select Supplier",
PleaseSelectThesebeforeaddinganyproduct,"Please Select These before adding any product",
PleaseSelectWarehouse,"Please Select warehouse before choose any product",
Please_add_return_quantity,"Please add return quantity",
Please_connect_before_syncing_clients,"Please connect before syncing clients.",
Please_enter_credit_card_details,"Please enter credit card details",
Please_enter_points_to_convert,"Please enter points to convert",
Please_fill_the_Email_Adress,"Please fill the Email Address",
Please_fill_the_form_correctly,"Please fill the form correctly",
Please_follow_the_import_instructions,"Please follow the import instructions",
Please_provide_any_details,"Please provide any details",
Please_select_Account,"Please select an account",
please_select_purchase,"Please Select Purchase",
Please_Select_Sale,"Please Select Sale",
Please_Upload_the_Correct_Module,"Please Upload the Correct Module",
Please_use_short_name_of_unit,"Please use short name of unit",
Please_Wait_for_the_update,"Please Wait for the update to finish completely. It is not recommended to close the browser or stop a process Upgrade",
Please_wait_until_the_product_is_loaded,"Please wait until the product is loaded",
pointofsaleManagement,"Point of Sale Management",
pointofsales,"Point of Sales",
Points_Balance,"Points Balance",
Points_Earned,"Points Earned",
Points_Redeemed,"Points Redeemed",
PopularTendered,"Popular Tendered",
PORT,MAIL_PORT,
pos.Add_to_cart,"Add to cart",
pos.All_Brands,"All Brands",
pos.All_Categories,"All Categories",
pos.Available_Products,"Available Products",
pos.Checkout,Checkout,
pos.Clear_all_items,"Clear all items",
pos.Complete_and_process_payment,"Complete and process payment",
pos.Decrease,Decrease,
pos.Discount,Discount,
pos.Drafts_list,"Drafts list",
pos.Edit,Edit,
pos.Go_to_page,"Go to page",
pos.Grand_Total,"Grand Total",
pos.Hold,Hold,
pos.Hold_this_sale,"Hold this sale",
pos.Home,Home,
pos.Increase,Increase,
pos.items,items,
pos.Next_Page,"Next page",
pos.No_items_added,"No items added",
pos.No_products_found,"No products found",
pos.Page,Page,
pos.Pay_Now,"Pay Now",
pos.Previous_Page,"Previous page",
pos.Processing,Processing...,
pos.products,products,
pos.Recent_Drafts,"Recent Drafts",
pos.Remove,Remove,
pos.Reset,Reset,
pos.Saving,Saving...,
pos.Select_products_from_right_panel,"Select products from the right panel",
pos.Shipping,Shipping,
pos.Subtotal,Subtotal,
pos.Tax,Tax,
pos.Total_Payable,"Total Payable",
pos.will_be_applied,"will be applied",
Position,Position,
Post,Post,
Posted_Successfully,"Posted successfully",
Post_Failed,"Post failed",
Pos_Settings,"POS Settings",
POS_to_Woo,"POS to WooCommerce",
POS_to_WooCommerce,"POS to WooCommerce",
Prev,Prev,
Preview,Preview,
Price,Price,
Price_below_min_not_allowed,"Price below min not allowed",
Price_Per_Cycle,"Price Per Cycle",
Price_Per_Unit,"Price Per Unit",
PricingAndTax,"Pricing And Tax",
Primary_Color,"Primary color",
print,Print,
Printbarcode,"Print Labels",
ProblemCreatingThisInvoice,"There was a problem creating this Invoice. Please try again",
ProblemPayment,"There was a problem Payment. Please try again.",
Processing,Processing...,
Product,Product,
ProductCode,Code,
ProductCodeName,"Product (Code - Name)",
ProductCost,"Product Cost",
ProductDetails,"Product Details",
ProductHasMultiVariants,"This Product Has Multi Variants",
ProductHasPromotion,"Product Has Promotion",
ProductImage,"Product Image",
Production,Production,
ProductManagement,"Product Management",
ProductName,"Product Name",
ProductPrice,"Product Price",
ProductQuantityAlerts,"Product Quantity Alerts",
Products,Products,
ProductsExpired,"Products Expired",
productsList,"All Products",
ProductSummary,"Product Summary",
Products_in_Collection,"Products in Collection",
products_refunded_alert,"Any products with a quantity set to 0 won\'t be refunded",
ProductTax,"Product Tax",
ProductVariant,"Product Variant",
Product_Cost,"Product Cost",
Product_Has_Imei_Serial_number,"Product Has Imei/Serial Number",
product_name,"Product Name",
Product_name_minimum_3_characters,"Product name minimum 3 characters",
Product_Not_Found,"Product Not Found",
Product_purchases_report,"Product purchases report",
product_report,"Products report",
product_sales_report,"Product sales report",
Professional_responsive_design,"Professional, responsive design",
profil,Profile,
Profit,Profit,
ProfitandLoss,"Profit and Loss",
Profit_Loss_Link,"Profit & Loss",
Profit_Loss_Subtitle,"Period performance overview.",
Profit_Loss_Title,"Profit & Loss",
Project,Project,
Projects,Projects,
Project_List,"Project List",
PromotionEnd,"Promotion End",
PromotionPrice,"Promotion Price",
PromotionStart,"Promotion Start",
Provider_Credit_Note,"Provider Credit Note",
Provider_details,"Provider details",
Province,Province,
Pull_From_Woo,"Pull from WooCommerce",
Purchase,Purchase,
PurchaseAlreadyPaid,"You cannot modify because this Purchase already paid",
PurchaseDetail,"Purchase Detail",
PurchaseInvoice,"Purchases payments",
Purchases,Purchases,
PurchasesInvoicesData,"Purchases payments data",
PurchasesManagement,"Purchases Management",
PurchasesReport,"Purchases Report",
PurchasesReturn,"Purchases Return",
Purchase_Cost,"Purchase Cost",
Purchase_Date,"Purchase Date",
Purchase_Info,"Purchase Info",
Purchase_Ref,"Purchase Ref",
Purchase_Return,"Purchase Return",
Purchase_Returns,"Purchase Returns",
Purchase_return_due,"Purchase return due",
Purchase_Tax,"Purchase Tax",
QR_Code,"QR Code",
Qty,Qty,
QtyAdded,"Qty added",
QtyBack,"Qty Back",
QtyMoved,"Quantity moved",
QtyPurchased,"Qty purchased",
QtyRemoved,"Qty removed",
qty_purchased,"Qty purchased",
Qty_return,"Qty return",
qty_return_is_greater_than_qty_purchased,"Qty return is greater than Qty purchased",
qty_return_is_greater_than_qty_sold,"Qty return is greater than Qty sold",
qty_return_is_greater_than_Quantity_Remaining,"Qty return is greater than Quantity Remaining",
Qty_sold,"Qty sold",
Quantity,Quantity,
Quantity_sold,"Qty sold",
QuickBooks,QuickBooks,
Quickbooks_Sync,"Quickbooks Sync",
QuickRanges,"Quick ranges",
QuotationComplete,"This Quotation Complete",
Quotations,Quotations,
QuotationsManagement,"Quotations Management",
Quotation_Ref,"Quotation Ref",
Quote,Quotation,
QuoteAlready,"This quote already has generate sale",
QuoteEmail,"Send Quotation on Email",
Quote_Info,"Quotation Info",
Read,Read,
Realm,Realm,
Realm_ID,"Realm ID",
Realm_ID_Hint,"Company ID (realmId). Optional—set automatically after connect. Only fill if you know it and want to lock to a specific company.",
Real_time_item_updates,"Real-time item updates",
Receipt,Receipt,
Received,Received,
Received_Amount,"Received Amount",
Recent_Drafts,"Recent Drafts",
Recent_Sales,"Recent Sales",
Recieved,Recieved,
Recommended,Recommended,
Recu,Received,
Redirect_URI,"Redirect URI",
Redirect_URI_active,"Redirect URI (active)",
Ref,Reference,
Reference,Reference,
Refresh,Refresh,
Refresh_List,"Refresh List",
Refresh_Stats,"Refresh Stats",
RegisterClosed,"Register closed successfully",
RegisterOpened,"Register opened successfully",
remaining_cycles,"remaining cycles",
Remaining_leave,"Remaining leave",
remaining_leaves_are_insufficient,"Remaining leaves are insufficient",
Remove,Remove,
Remove_Stripe_Key_Secret,"Delete Stripe API keys",
Report,Report,
Reports,Reports,
Reports_payments_Purchases,"Reports payments Purchases",
Reports_payments_Purchase_Return,"Reports Purchase Return Payments",
Reports_payments_Return_Customers,"Payments Return Customers",
Reports_payments_Return_Suppliers,"Payments Return Suppliers",
Reports_payments_Sales,"Reports payments Sales",
Reports_payments_Sale_Return,"Reports Sale Return Payments",
Report_Transactions,"Report Transactions",
Required,Required,
Reset,Reset,
Reset_Password,"Reset Password",
Reset_Sync_State,"Reset Sync State",
"Retail Price","Retail Price",
Retired,Retired,
Retournee,Return,
Retoursurcharge,"Return Surcharge",
Return,Return,
ReturnAlreadyPaid,"You cannot modify because this Return already paid",
ReturnDashboard,"Return to dashboard",
ReturnDetail,"Return Detail",
ReturnManagement,"Return Management",
Returns,Return,
ReturnsCustomers,"Returns Customer",
ReturnsInvoices,"Returns Invoices",
ReturnsInvoicesData,"Returns Invoices Data",
ReturnsSuppliers,"Returns Supplier",
Returns_Due,"Returns (Due)",
Return_exist_for_the_Transaction,"Return exist for the Transaction",
Return_Info,"Info of Return",
Return_Ratio_Report,"Return Ratio Report",
Return_Ref,"Return Ref",
Revenue,Revenue,
RoleDescription,"Role Description",
RoleName,Role,
Run_Manual_Sync_Now,"Run manual sync now",
Sale,Sale,
SaleAlreadyPaid,"You cannot modify because this Sale already paid",
SaleDetail,"Sale Detail",
Sales,Sales,
SalesInvoice,"Sales payments",
SalesInvoicesData,"Sales payments data",
SalesManagement,"Sales Management",
SalesReport,"Sales Report",
SalesReturn,"Sales Return",
Sales_by_Brand,"Sales by Brand",
Sales_by_Category,"Sales by Category",
Sales_Due,"Sales (Due)",
Sales_Grand,"Sales (Grand)",
Sales_Paid,"Sales (Paid)",
Sales_Tax,"Sales Tax",
Sales_today,"Today Sales",
Sale_Completed_Thank_You,"Sale Completed. Thank You!",
sale_note,"Sale Note",
Sale_Purchase_Ref,"Sale/Purchase Ref",
sale_ref,"Sale Ref",
Sale_Returns,"Sale Returns",
Sandbox_company_test_data,"Sandbox company (test data).",
saturday_in,"Saturday In",
saturday_out,"Saturday Out",
Save,Save,
"Save All Changes","Save All Changes",
Saved_Credit_Cards,"Saved Credit Cards",
Saved_Credit_Card_Info,"Saved Credit Card Info",
Saved_successfully,"Saved successfully",
Save_and_Close,"Save and Close",
Save_Mapping,"Save mapping",
Saving,Saving...,
Scan,Scan,
Scan_Barcode,"Barcode Scanner",
Scan_QR_to_open_display,"Scan this QR code to open the customer display on any device",
Scan_Search_Product_by_Code_Name,"Scan/Search Product by Code Or Name",
Scan_URL_with_your_camera,"Scan URL with your camera",
Scan_your_barcode_and_select_the_correct_symbology_below,"Scan your barcode and select the correct symbology below",
Search,Search,
SearchByCode,"Search by Code",
SearchByEmail,"Search By Email",
SearchByName,"Search by Name",
SearchByPhone,"Search by Phone",
SearchProduct,"Search Product",
Search_accounts,"Search accounts",
Search_Brands,"Search Brands",
Search_by_name_email_subject,"Search by name, email, or subject",
Search_by_name_SKU_or_ID,"Search by name, SKU, or ID",
Search_Categories,"Search Categories",
Search_payments_ph,"Search payments (Ref, date, method)",
Search_products,"Search products",
Search_Product_by_Code_Name,"Search Product by code or name",
Search_quotations_ph,"Search quotations (Ref, status, warehouse, customer)",
Search_returns_ph,"Search returns (Ref, status, payment status, sale ref, warehouse)",
Search_sales_ph,"Search sales (Ref, status, payment status, warehouse, customer)",
Search_this_table,"Search this table",
Search_unsynced_by_name_email,"Search unsynced by name/email...",
Secondary_Color,"Secondary color",
Security,Security,
SelectCustomer,"please Select Customer",
selected,selected,
SelectPeriod,"Select Period",
SelectProduct,"Select Product",
SelectSale,"Select Sale",
SelectWarehouse,"Please Select warehouse",
Select_Account,"Select account",
Select_Customer,"Select Customer",
Select_Employment_type,"Select Employment type",
Select_Type,"Select type",
Select_Warehouse,"Select Warehouse",
Seller,Seller,
Seller_report,"Seller Report",
SellPrice,"Sell price",
Sell_Return,"Sell Return",
Sell_return_due,"Sell return due",
SendEmail,"Email Send in successfully",
Sender_Name,"Sender Name",
Send_Email,"Send Email",
Send_Email_Receipt,"Send Email Receipt",
Send_SMS,"Send SMS",
Send_SMS_Receipt,"Send SMS Receipt",
Sent,Send,
SEO,SEO,
SEO_Description,"SEO description",
SEO_Title,"SEO title",
Serial,Serial,
ServiceProduct,"Service Product",
Settings,Settings,
Settings_saved_to_env,"Settings saved to .env",
Shipments,Shipments,
shipment_ref,"Shipment Ref",
Shipped,Shipped,
Shipping,Shipping,
Shipping_status,"Shipping Status",
ShortName,"Short Name",
ShowAll,"View all records of all Users",
Showing,Showing,
ShowPayment,"Show Payments",
Show_Address,"Show Address",
Show_barcode,"Show barcode",
Show_Customer,"Show Customer",
Show_Email,"Show Email",
Show_failures,"Show failures",
Show_Languages,"Show Languages",
Show_Note_to_customer,"Show Note to customer",
Show_Phone,"Show Phone",
Show_Tax_and_Discount,"Show Tax & Discount & Shipping",
Show_Warehouse,"Show warehouse",
SignIn,"Sign In",
SignUp,"Sign Up",
SiteConfiguration,"Site Configuration",
SiteName,"Site Name",
"Size guide","Size guide",
SKU,SKU,
Skype,Skype,
Slug,Slug,
sms_body,"SMS body",
SMS_Configuration,"SMS Configuration",
sms_config_invalid,"wrong sms config invalid",
sms_notification,"SMS notification",
sms_send_successfully,"Message sent successfully",
sms_settings,"Sms Settings",
sms_templates,"SMS Templates",
SMTPConfiguration,"SMTP Configuration",
SMTPIncorrect,"SMTP Configuration Incorrect",
Social_Links,"Social links",
Social_Media,"Social Media",
Some_warehouses,"Some Warehouses",
Source,Source,
StandardProduct,"Standard Product",
start_date,"Start date",
Start_typing_to_search,"Start typing to search",
Status,Status,
Status_Overview,"Status Overview",
Stock,Stock,
StockAdjustement,Adjustment,
StockAlert,"Stock Alert",
StockManagement,"Stock Management",
StockTransfer,"Stock Transfer",
StockTransfers,Transfer,
Stock_Adjustment_Report,"Stock Adjustment Report",
Stock_Aging_Report,"Stock Aging Report",
STOCK_ON_HAND,"STOCK ON HAND",
stock_report,"Stock Report",
Stock_Transfer_Report,"Stock Transfer Report",
Store,Store,
Store_Basics,"Store basics",
Store_Logo,"Store Logo",
Store_Name,"Store name",
Store_URL,"Store URL",
SubCategorie,"Sub Category",
Subject,Subject,
submit,Submit,
"Subscribed At","Subscribed at",
Subscribers,Subscribers,
Subscriptions,Subscriptions,
Subscription_details,"Subscription details",
Subscription_Product,"Subscription Product",
Subscription_status_updated_successfully,"Subscription status updated successfully",
SubTotal,Subtotal,
Subtraction,Subtraction,
Success,Success,
Successfully_Created,"Successfully Created",
Successfully_Generated_Count,"Successfully Generated",
Successfully_Imported,"Successfully Imported",
Successfully_Logged_In,"Successfully Logged In",
Successfully_Updated,"Successfully Updated",
Summary,Summary,
sunday_in,"Sunday In",
sunday_out,"Sunday Out",
Supplier,Supplier,
SupplierCode,"Supplier Code",
SupplierDetails,"Supplier Details",
SupplierName,"Supplier Name",
SupplierPaiementsReport,"Supplier Payments Report",
SupplierPurchasesReport,"Supplier Purchases Report",
SupplierReport,"Supplier Report",
Suppliers,Suppliers,
SuppliersManagement,"Suppliers Management",
SuppliersPaiementsReport,"Suppliers Payments Report",
SuppliersReport,"Suppliers Report",
Supplier_Info,"Supplier Info",
Supported_formats_JPG_PNG_GIF,"Supported formats: JPG, PNG, GIF",
Symbol,Symbol,
Sync,Sync,
Synced,Synced,
Synced_Categories,"Synced Categories",
Synced_Products,"Synced products",
Syncing,Syncing,
Syncing_Products,"Syncing products",
Sync_All_Clients,"Sync All Clients",
Sync_Categories,"Sync categories",
Sync_Completed,"Sync completed",
Sync_Failed,"Sync failed",
Sync_Interval,"Sync interval",
Sync_Only_Unsynced,"Sync only unsynced",
Sync_Orders,"Sync orders",
Sync_Products,"Sync products",
Sync_Selected,"Sync Selected",
Sync_selected_failed,"Sync selected failed",
Sync_Stock_Now,"Sync stock now",
SystemSettings,"System Settings",
Tag,Tag,
Tasks,Tasks,
Task_List,"Task List",
Tax,Tax,
Taxable_Base,"Taxable base",
Taxable_Purchases,"Taxable Purchases",
Taxable_Sales,"Taxable Sales",
TaxesOverTime,"Taxes Over Time",
TaxMethod,"Tax Type",
TaxName,"Tax Name",
TaxRate,"Tax Rate",
Tax_Collected,"Tax collected",
Tax_Number,"Tax Number",
Tax_Payable,"Tax payable to authorities",
Tax_Rate,"Tax rate",
Tax_Refund,"Tax refund expected",
Tax_Summary_Link,"Tax Summary",
Tax_Summary_Report,"Tax Summary Report",
Testing,Testing,
Test_Connection,"Test connection",
Thank_you_for_shopping_with_us,"Thank you for shopping with us",
Thank_you_for_your_business,"Thank you for shopping with us . Please come again",
Thank_you_for_your_purchase,"Thank you for your purchase!",
Theme_support_dark_light,"Dark and light theme support",
There_are,"There are",
The_module_must_be_uploaded_as_zip_file,"The module must be uploaded as zip file",
The_password_confirmation_does_not_match,"The password confirmation does not match",
ThisMonth,"This Month",
ThisToday,"This Today",
ThisWeek,"This Week",
ThisYear,"This Year",
This_password_reset_token_is_invalid,"This password reset token is invalid",
This_Product_Not_For_Selling,"This Product Not For Selling",
This_user_not_active,"This user not active",
This_Week_Sales_Purchases,"This Week Sales & Purchases",
thursday_in,"Thursday In",
thursday_out,"Thursday Out",
Time_In,"Time In",
Time_Out,"Time Out",
Time_Zone,"Time Zone",
Tip,Tip,
Tip_reorder_products_for_priority,"Tip: Reorder products to set their display priority.",
title,Title,
Title_and_Slug_required,"Title and Slug are required.",
to,To,
Today,Today,
Today_Sales,"Today Sales",
Toggle_to_show_on_home_and_use_arrows_to_reorder,"Toggle to show on home and use arrows to reorder",
Tokens_secure_time_limited,"Tokens are secure and time-limited",
Token_expired_A,"Generate a new token and update the display device with the new URL.",
Token_expired_Q,"Token expired?",
Token_expires_24h,"Each token expires automatically in 24 hours",
Top5Products,"Top 5 Products",
Topbar_and_Footer,"Topbar & footer",
Topbar_Text_Left,"Topbar text (left)",
Topbar_Text_Right,"Topbar text (right)",
TopCustomers,"Top 5 Customers",
TopRoutes,"Top routes",
TopSuppliers,"Top 5 Suppliers",
TopSuppliersByQty,"Top suppliers by quantity",
TopSuppliersByValue,"Top suppliers by value",
Top_customers,"Best customers",
Top_Selling_Products,"Top Selling Products",
Top_Suppliers_Report,"Top Suppliers Report",
Total,Total,
TotalAmount,"Total Amount",
TotalCost,"Total Cost",
TotalInflow,"Total Inflow",
TotalOutflow,"Total Outflow",
TotalPaid,"Total Paid",
TotalPaidExceedsGrandTotalForMultiPayment,"Total Paid Exceeds Grand Total",
TotalPaying,"Total Paying",
TotalProducts,"Total Products",
TotalPurchases,"Total Purchases",
TotalQuantity,"Total Quantity",
TotalReturn,"Total Return",
TotalReturns,"Total Returns",
TotalSales,"Total Sales",
TotalSpend,"Total spend",
Total_adjustments,"Total adjustments",
Total_Amount,"Total Amount",
Total_Amount_Paid,"Total Amount Paid",
Total_Cash,"Total Cash",
Total_Categories,"Total Categories",
Total_Cheque,"Total Cheque",
Total_Clients,"Total Clients",
Total_Credit,"Total Credit",
Total_Credit_Card,"Total Credit Card",
Total_Customers_Due,"Total Debt",
total_cycles,"total cycles",
Total_Debit,"Total Debit",
Total_Deposits,"Total Deposits",
Total_Discount,"Total discount",
Total_Expense,"Total Expense",
Total_Expenses,"Total Expenses",
Total_Income,"Total Income",
Total_Items_Quantity,"Total Items & Quantity",
Total_Payable,"Total Payable",
Total_Products,"Total products",
Total_Purchases,"Total Purchases",
Total_Purchase_Due,"Total Purchase Due",
Total_Purchase_Return_Due,"Total Purchase Return Due",
Total_quotations,"Total Quotations",
Total_return_purchases,"Total return purchases",
Total_return_sales,"Total return sales",
Total_Sales,"total sales",
Total_Sales_Amount,"Total Sales Amount",
Total_Sale_Due,"Total Sale Due",
Total_Sell_Return_Due,"Total Sell Return Due",
Total_Suppliers_Due,"Total Debt",
Total_transfers,"Total transfers",
ToWarehouse,"To Warehouse",
To_Account,"To Account",
Transaction_Summary,"Transaction Summary",
TransferDetail,"Transfer Detail",
Transfers,Transfers,
TransfersOverTime,"Transfers over time",
Transfers_Money,"Transfers Money",
"Translation added","Translation added",
"Translation updated","Translation updated",
Translations,Translations,
"Translations for","Translations for",
Trial_Balance_Link,"Trial Balance",
Trial_Balance_Subtitle,"Summarized debit/credit by account.",
Trial_Balance_Title,"Trial Balance",
Troubleshooting,Troubleshooting,
Tuesday_In,"Tuesday In",
tuesday_out,"tuesday Out",
TWILIO_SMS,"TWILIO SMS",
Twitter,Twitter,
type,Type,
Typical,Typical,
Unconverted,Unconverted,
Unit,Unit,
Unitcost,"Unit cost",
UnitPrice,"Unit Price",
UnitProduct,"Product Unit",
UnitPurchase,"Purchase Unit",
Units,Unit,
UnitSale,"Sale Unit",
UnitsPrchases,"Purchases Units",
UnitsSales,"Sales Units",
Unit_already_linked_with_sub_unit,"Unit already linked with sub unit",
Unknown,Unknown,
Unpaid,Unpaid,
Unread,Unread,
Unread_only,"Unread only",
Unsaved_changes_may_be_lost,"Unsaved changes may be lost",
Unsynced_Product_Count,"Unsynced product count",
Untitled,Untitled,
Updat,Update,
"Update Language","Update Language",
Updated,Updated,
Updated_in_successfully,"Updated in successfully",
UpdateProduct,"Update Product",
Update_Available,"Update Available",
Update_Log,"Update Log",
Update_Now,"Update Now",
Update_Payment,"Update Payment",
update_settings,Upgrade,
Update_Status,"Update status",
Uploaded,Uploaded,
Uploaded_Success,"Uploaded in successfully",
Upload_Module,"Upload Module",
"Use 2x for retina (e.g., 2400×1200).","Use 2x for retina (e.g., 2400×1200).",
Used_for_media_upload_fallback,"Used for media upload fallback",
User,User,
UserImage,"User Image",
UserManagement,"Users management",
username,Username,
UserPermissions,"Users Permissions",
Users,Users,
Users_Report,"Users Report",
User_report,"User Report",
Use_Saved_Credit_Card,"Use Saved Credit Card",
Use_search_to_add_products,"Use search to add products",
Use_This,"Use This",
Validation,Validation,
Value,Value,
ValueMoved,"Value moved",
Value_by_Cost_and_Price,"Value by Cost and Price",
VariableProduct,"Variable Product",
Variant,Variant,
VariantDuplicate,"This Variant Is Duplicate !!",
variants,Variants,
Variant_code,"Variant code",
Variant_cost,"Variant cost",
Variant_NAME,"Variant Name",
Variant_price,"Variant price",
VAT_Number,"VAT Number",
Vendors,Vendors,
View,View,
View_all,"View all",
View_Change_Log,"View Change Log",
View_Details,"View Details",
view_employee,"view employee",
View_Logs,"View logs",
Visible,Visible,
Visit_Online_Store,"Visit Online Store",
Waiting_for_Items,"Waiting for Items",
warehouse,Warehouse,
WarehouseIdentical,"The two warehouses cannot be identical !!",
Warehouses,Warehouse,
WarehouseStockChart,"Warehouse Stock Chart",
Warehouse_report,"Warehouses report",
Warning,Warning,
WarrantyTerms,"Warranty Terms",
Warranty_Guarantee_Tracking,"Warranty & Guarantee Tracking",
Warranty_Period,"Warranty Period",
wednesday_in,"Wednesday In",
wednesday_out,"Wednesday Out",
Welcome,Welcome,
Welcome_back_message,"Welcome back, {username}! Here's what's happening today.",
Welcome_to_your_Dashboard,"Welcome to your Dashboard",
We_cant_find_a_user_with_that_email_addres,"We can\'t find a user with that email addres",
We_have_emailed_your_password_reset_link,"We have e-mailed your password reset link",
WhatsApp,WhatsApp,
When,When,
Wholesale_Price,"Wholesale Price",
WooCommerce,WooCommerce,
WooCommerce_Settings,"WooCommerce Settings",
WooCommerce_to_POS,"WooCommerce to POS",
Woo_ID,"Woo ID",
Work_Duration,"Work Duration",
WP_Application_Password_Optional,"WP Application Password (Optional)",
WP_Username_Optional,"WP Username (Optional)",
Years,Years,
Yes,Yes,
Your_Password_has_been_changed,"Your Password has been changed",
You_already_have_the_latest_version,"You already have the latest version",
you_are_not_authorized,"Sorry! you are not authorized.",
You_cannot_delete_the_default_language,"You cannot delete the default language",
You_cant_edit_or_remove_default_payment_choices,"You can\'t edit or remove default payment choices",
You_will_find_your_backup_on,"You will find your backup on",
YTD,"Year to date",
ZeroPardefault,"You can delete the item or set the quantity returned to zero if it is not returned",
Zero_Sales_Products_Report,"Zero Sales Products Report",
Zero_total_no_payment_required,"Zero total no payment required",
ZipCode,"Zip Code",
Zip_code,"Zip code",
