Key,English Value,Kurdish Translation
30D,30D,30d
7D,7D,7d
90D,90D,90d
Account,Account,ئەژمێر
Accounting,Accounting,ژمێریاری
Accounting_Dashboard_Subtitle,Overview & quick actions,تێڕوانینێکی گشتی و کردارە خێراکان
Accounting_Dashboard_Title,Advanced Accounting,ژمێریاری پێشکەوتوو
Accounts,Accounts,ئەکاونتەکان
Accounts_cannot_be_the_same,Accounts cannot be the same,ئەکاونتەکان ناتوانن هەمان شت بن
Account_Created,Account created,ئەکاونت دروستکراوە
account_name,Account name,ناوی ئەکاونت
account_num,Account num,ئەکاونت num
Account_Updated,Account updated,ئەکاونت نوێکراوەتەوە
Actif,Active,چالاک
Action,Action,کردار
Actions,Actions,کرداری
Action_Blocked,Action Blocked,کرداری بلۆک کرا
ActivateUser,This User Has been Activated,ئەم بەکارهێنەرە چالاک کراوە
Active,Active,چالاک
Add,Create,دروستکردن
Add Language,Add Language,زیادکردنی زمان
Add New,Add New,زیادکردنی نوێ
Add New Translation,Add New Translation,وەرگێڕانی نوێ زیاد بکە
AddAnotherPaymentOption,Add Another Payment Option,زیادکردنی بژاردەیەکی تری پارەدان
AddCustomer,Create Customer,دروستکردنی کڕیار
Added,Added,زیادکراوە
Addition,Addition,زیادکردن
AddPayment,Create Payment,دروستکردنی پارەدان
AddPermissions,Create Permissions,دروستکردنی مۆڵەت
AddProduct,Create product,بەرهەم دروست بکە
AddProducts,Add Products to the Order List,زیادکردنی بەرهەم بۆ لیستی داواکاری
AddProductToList,Please Add Product To List !!,تکایە بەرهەم زیاد بکە بۆ لیست !!
AddPurchase,Create Purchase,دروستکردنی کڕین
AddQuantity,Please Add quantity of product !!,تکایە بڕی بەرهەمەکە زیاد بکە !!
AddQuote,Create Quotation,دروستکردنی کۆتەیشن
AddReturn,Create Return,دروستکردنی گەڕانەوە
AddSale,Create Sale,دروستکردنی فرۆشتن
Add_Asset,Add Asset,زیادکردنی سەرمایە
Add_Employee,Add Employee,زیادکردنی کارمەند
Add_Line,Add line,هێڵ زیاد بکە
Add_Link,Add link,زیادکردنی بەستەر
Add_Payment_Method,Add Payment Method,زیادکردنی شێوازی پارەدان
Add_Payment_Note,Add Payment Note,تێبینی زیادکردنی پارەدان
Add_product_IMEI_Serial_number,Add product IMEI/Serial Number,
Add_Sale_Note,Add Sale Note,تێبینی فرۆشتن زیاد بکە
Add_this_exact_URL_on_Keys_page_too,Add this exact URL on the Keys page too.,ئەم URL ەی ورد زیاد بکە لە لاپەڕەی Keys یشدا.
Adjustment,Adjustment,ڕێکخستن
AdjustmentDetail,Adjustment Detail,وردەکاری ڕێکخستن
Adjustments,Adjustments,ڕێکخستنەکان
AdjustmentTypes,Adjustment types,جۆرەکانی ڕێکخستن
Adjust_Customer_Points,Adjust Customer Points,خاڵەکانی کڕیار ڕێکبخە
Adress,Address,ناونیشان
Afewwords,A few words ...,چەند وشەیەک ...
AgeDays,Age (days),تەمەن (ڕۆژەکان)
AlertQuantity,Alert Quantity,ژمارەی ئاگادارکردنەوە
All,All,گشت
All changes saved successfully,All changes saved successfully,هەموو گۆڕانکارییەکان بە سەرکەوتوویی هەڵگیراون
AllAccounts,All Accounts,هەموو ئەکاونتەکان
Allocated_Header,Allocated header,سەردێڕی تەرخانکراو
Allocate_Header_Discount,Allocate header discount,داشکاندنی سەردێڕی تەرخان بکە
AllPaymentMethods,All Payment Methods,هەموو شێوازەکانی پارەدان
AllWarehouses,All Warehouses,هەموو کۆگاکان
All_Brand,All Brand,هەموو براندەکان
All_Category,All Category,هەموو پۆلەکان
All_clients_are_synced,All clients are synced,هەموو مشتەرییەکان هاوکات دەکرێن
All_Modules_Installed,All Modules Installed,هەموو ئەو مۆدیولانەی کە دانراون
All_Status,All statuses,هەموو دۆخەکان
All_time,All time,هەموو کاتەکان
All_Warehouses,All Warehouses,هەموو کۆگاکان
AlreadyAdd,This Product Already Added !!,ئەم بەرهەمە پێشتر زیاد کراوە !!
Already_have_an_account,Already have an account ?,پێشتر ئەکاونتت هەیە ؟
Amount,Amount,بڕ
AmountHT,Amount HT,بڕی HT
AmountPaying,Amount Paying,بڕی پارەدان
AmountTTC,Amount TTC,بڕی TTC
and_save_it_to_your_pc,and save it to your pc,وە لە کۆمپیوتەرەکەت پاشەکەوتی بکە
Annual_Leave,Annual Leave,مۆڵەتی ساڵانە
Appearance_Settings,Appearance Settings,ڕێکخستنەکانی دەرکەوتن
Apply,Apply,جێبەجێکردن
app_name,App Name,ناوی ئەپەکە
AreYouSure,Are you sure?,ئایا دڵنیای؟
Are_you_sure_you_want_to_duplicate_this_product,Are you sure you want to duplicate this product,ئایا دڵنیای کە دەتەوێت ئەم بەرهەمە دووبارە بکەیتەوە
Aspect ratio differs from recommendation,Aspect ratio differs from recommendation,ڕێژەی ڕووبەر لە پێشنیار جیاوازە
Asset,Asset,کەرەستە
Assets,Assets,کەرەستەکان
Assets_List,Assets List,لیستی سەروەت و سامانەکان
Asset_Categories,Asset Categories,پۆلەکانی سەرمایە
Asset_Category,Asset Category,پۆلی سەرمایە
Asset_Management,Asset Management,بەڕێوەبردنی سەروەت و سامان
ASSET_VALUE,ASSET VALUE,بەهای سەروەت و سامان
Assigned_Employees,Assigned Employees,ئەو کارمەندانەی کە بۆیان دیاری کراوە
Assigned_warehouses,Access warehouses,دەستگەیشتن بە کۆگاکان
As_Of,As of,وەک لە
Attachment,Attachment,هاوپێچ
AttachmentQuote,Please find the attachment for your Quotation,تکایە هاوپێچەکە بۆ کۆتیشنەکەت بدۆزەرەوە
Attendance,Attendance,ئامادەبوون
Attendances,Attendances,ئامادەبوون
attendance_summary,Attendance summary,پوختەی ئامادەبوون
At_Least_One_Line,At least one line is required,بەلایەنی کەمەوە یەک دێڕ پێویستە
Audit,Audit,وردبینی
Automatic_cart_sync,Automatic cart synchronization,هاوکاتکردنی عەرەبانە بە شێوەیەکی ئۆتۆماتیکی
Available,Available,بەردەست
Available_Points,Available Points,خاڵە بەردەستەکان
Available_Tags,Available Tags,تاگەکانی بەردەستە
AvgItemsPerTransfer,Avg. items per transfer,Avg. بابەتی هەر گواستنەوەیەک
AvgPerPurchase,Avg per purchase,AVG بۆ هەر کڕینێک
AvgValuePerTransfer,Avg. value per transfer,Avg. بەها بۆ هەر گواستنەوەیەک
Back,Back,گەڕانەوە
Backup,Backup,پاشەکەوت
BackupDatabase,Backup Database,بنکەدراوەی پاشەکەوت
balance,Balance,هاوسەنگی
Balanced,Balanced,هاوسەنگ
Balance_Check,Check:,پشکنین:
Balance_Sheet_Link,Balance Sheet,هاوسەنگی لاپەڕە
Balance_Sheet_Subtitle,Assets = Liabilities + Equity,سەروەت و سامان = ئیلتزامات + یەکسانی
Balance_Sheet_Title,Balance Sheet,هاوسەنگی لاپەڕە
bank_account,bank account,ئەژمێری بانکی
Bank_Branch,Bank Branch,لقی بانک
Bank_Name,Bank Name,ناوی بانکی
Bank_Number,Bank Number,ژمارەی بانکی
Banners,Banners,بانەرەکان
Barcode,Barcode,بارکۆد
BarcodeSymbology,Barcode Symbology,بارکۆد هێماگەرایی
Barcode_must_be_unique,Barcode must be unique,بارکۆد دەبێت تایبەت بێت
BaseUnit,Base Unit,یەکەی بنەڕەتی
BasicInformation,Basic Information,زانیاری بنەڕەتی
Basic_Information,Basic Information,زانیاری بنەڕەتی
Basic_salary,Basic salary,مووچەی بنەڕەتی
Billing_Cycle,Billing Cycle,خولی فەسڵکردن
Birth_date,Birth date,بەرواری لەدایکبوون
Brand,Brand,براند
BrandDescription,Brand Description,پێناسەی مارکە
BrandImage,Brand Image,وێنەی براند
Branding,Branding,براندینگ
BrandManager,Brand,براند
BrandName,Brand Name,ناوی مارکە
Bucket,Bucket,سەتڵ
Buckets,Buckets,سەتڵ
Bulk save failed,Bulk save failed,بەکۆمەڵ پاشەکەوت بکە شکستخواردوو
Bulk_sync_unsynced_clients,Bulk sync unsynced clients,بەکۆمەڵ هاوکات unsynced clients
BuyingPrice,Buying price,نرخى کڕین
By Product,By Product,لەلایەن بەرهەمەوە
By Variant,By Variant,بە جۆرێک
ByAmount,By Amount,بە بڕی
ByQuantity,By quantity,بە بڕی
ByValue,By value,بە بەها
By_Day,By Day,بە ڕۆژ
By_Product,By Product,لەلایەن بەرهەمەوە
By_Tax_Rate,By Tax Rate,بەپێی ڕێژەی باج
By_User,By User,لەلایەن بەکارهێنەرەوە
By_Variant,By Variant,بە جۆرێک
Cache_cleared_successfully,Cache cleared successfully,کاش بە سەرکەوتوویی پاککرایەوە
Callback,Callback,callback
Cancel,Cancel,ڕەتکردنەوە
Canceled,Canceled,هەڵوەشاوە
Cancelled,cancelled,هەڵوەشاوە
Cancel_order_hint,This will mark the order as cancelled.,بەم شێوەیە داواکارییەکە وەک هەڵوەشاندنەوە دیاری دەکات.
Cancel_this_order_Q,Cancel this order?,ئەم داواکارییە هەڵبوەشێنەرەوە؟
CannotSubstraction,You cannot subtraction products which have stock 0,تۆ ناتوانیت ئەو بەرهەمانە کەم بکەیتەوە کە کۆگایان هەیە 0
cannot_be_negative,cannot be negative,ناتوانێت نێگەتیڤ بێت
Card,Card,کارت
Card_Info_Secure_Stripe,Your card information is securely processed by Stripe,زانیارییەکانی کارتەکەت بە شێوەیەکی پارێزراو لەلایەن Stripe ەوە پرۆسێس دەکرێت
Cash In,Cash In,کاش لە
Cash Out,Cash Out,کاش ئاوت
Cashier,Cashier,کاشێر
Cash_Flow_Report,Cash Flow Report,ڕاپۆرتی ڕۆیشتنی پارە
Cash_Register_Report,Cash Register Report,ڕاپۆرتی تۆمارکردنی پارە
Categorie,Category,جۆر
Categories,Category,جۆر
Category,Category,جۆر
Category_is_required,Category is required,پۆل پێویستە
Change,Change,گوڕین
ChangeAvatar,Change Avatar,گۆڕینی ئاڤاتاری
ChangeFavicon,Change Favicon,گۆڕینی فاڤیکۆن
ChangeLogo,Change Logo,گۆڕینی لۆگۆ
ChangeReturn,Change Return,گۆڕینی گەڕانەوە
Change_product_details,Change product details,گۆڕینی وردەکارییەکانی بەرهەم
Chart_of_Accounts_Link,Chart of Accounts,چارتی ئەکاونتەکان
Chart_of_Accounts_Subtitle,Manage your GL structure with parent/child relationships.,
Chart_of_Accounts_Title,Chart of Accounts,چارتی ئەکاونتەکان
ChooseProduct,Choose Product,بەرهەم هەڵبژێرە
ChooseWarehouse,Choose Warehouse,کۆگا هەڵبژێرە
Choose_Account,Choose Account,ئەکاونت هەڵبژێرە
Choose_Base_Unit,Choose Base Unit,یەکەی بنەڕەتی هەڵبژێرە
Choose_Brand,Choose Brand,براند هەڵبژێرە
Choose_Category,Choose Category,پۆل هەڵبژێرە
Choose_Company,Choose Company,کۆمپانیا هەڵبژێرە
Choose_Currency,Choose Currency,دراو هەڵبژێرە
Choose_Customer,Choose Customer,کڕیار هەڵبژێرە
Choose_Department_Head,Choose Department Head,سەرۆکی بەشەکان هەڵبژێرە
Choose_Designation,Choose Designation,دەستنیشانکردن هەڵبژێرە
Choose_Employee,Choose Employee,کارمەند هەڵبژێرە
Choose_Family_status,Choose Family status,دۆخی خێزان هەڵبژێرە
Choose_Gateway,Choose SMS Gateway,SMS Gateway هەڵبژێرە
Choose_Gender,Choose Gender,ڕەگەز هەڵبژێرە
Choose_Interval,Choose interval,ئینتەرڤاڵ هەڵبژێرە
Choose_leave_type,Choose leave type,جۆری مۆڵەت هەڵبژێرە
Choose_Method,Choose Method,شێواز هەڵبژێرە
Choose_Office_Shift,Choose Office Shift,ئۆفیس شیفت هەڵبژێرە
Choose_Operator,Choose Operator,ئۆپەراتۆر هەڵبژێرە
Choose_Project,Choose Project,پرۆژە هەڵبژێرە
Choose_Purchase_Ref,Choose Purchase Ref,کڕین هەڵبژێرە Ref
Choose_Sale_Ref,Choose Sale Ref,فرۆشتن هەڵبژێرە Ref
Choose_SMS_Gateway,Choose SMS Gateway,SMS Gateway هەڵبژێرە
Choose_Status,Choose status,دۆخ هەڵبژێرە
Choose_Sub_Category,Choose SubCategory,subcategory هەڵبژێرە
Choose_Supplier,Choose Supplier,دابینکەر هەڵبژێرە
Choose_Symbology,Choose symbology,هێما هەڵبژێرە
Choose_Team,Choose Team,تیم هەڵبژێرە
Choose_Unit_Product,Choose Product Unit,یەکەی بەرهەم هەڵبژێرە
Choose_Unit_Purchase,Choose Purchase Unit,یەکەی کڕین هەڵبژێرە
Choose_Unit_Sale,Choose Sale Unit,یەکەی فرۆشتن هەڵبژێرە
Choose_Warehouse,Choose Warehouse,کۆگا هەڵبژێرە
City,City,شار
clear,Clear,ڕوون
Clear_all,Clear all,هەمووی پاک بکەرەوە
Clear_Cache,Clear Cache,Clear Cache
Clear_Logs,Clear Logs,لۆگەکانی ڕوون
Clear_Selection,Clear Selection,هەڵبژاردنی ڕوون
Click_Generate_New_Token_to_create,Click Generate New Token to create your customer display URL and QR code,کلیک لە Generate New Token بکە بۆ دروستکردنی URL ی پیشاندانی کڕیارەکەت و کۆدی QR
Click_input_to_select_then_use_copy_button,"Click the input to select, then use the Copy button",بۆ هەڵبژاردنی کلیک لە ئینپوتەکە بکە، پاشان دوگمەی Copy بەکاربهێنە
Client,Client,کلایەنت
Clients,clients,مشتەرییەکان
Clients_Sync,Clients Sync,مشتەرییەکان هاوکات دەبن
Client_ID,Client ID,ناسنامەی مشتەری
Client_Secret,Client Secret,نهێنی موکل
Client_sync_attempted,Client sync attempted,مشتەری هاوکات هەوڵی بۆ دراوە
Client_sync_failed,Client sync failed,هاوکاتکردنی موکل شکستی هێنا
Close,Close,داخستن
Close Register,Close Register,داخستنی تۆمار
Closed,Closed,داخراوە
Closing,Closing,داخستنی
Closing_Notes,Closing Notes,تێبینییەکانی کۆتایی
Code,Code,کۆد
Codecategorie,Category Code,کۆدی پۆل
CodeProduct,Code Product,کۆدی بەرهەم
code_must_be_not_exist_already,code must be not exist already,کۆدەکان دەبێ پێشتر بوونیان نەبێت
Collection,Collection,کۆکردنەوە
Collections,Collections,کۆکراوەکان
Collection_Details,Collection Details,وردەکارییەکانی کۆکردنەوە
Collection_saved_but_products_not_synced,"Collection saved, but products could not be synced.",کۆکردنەوە پاشەکەوت کرا، بەڵام بەرهەمەکان نەدەکرا هاوکات بکرێن.
ComboProduct,Combo Product,بەرهەمی کۆمبۆ
ComboProducts,Combo Products,بەرهەمەکانی کۆمبۆ
Comma_separated_cutoffs_default,"Comma-separated cutoffs, default",بڕینی جیاکراوەی کۆما، بە شێوەیەکی پێشوەختە
Company,Company,کۆمپانیا
CompanyAdress,Company Address,ناونیشانی کۆمپانیا
CompanyName,Company Name,ناوی کۆمپانیا
CompanyNameArabic,Company Name (Arabic),ناوی کۆمپانیا (عەرەبی)
CompanyPhone,Company Phone,تەلەفۆنی کۆمپانیا
Company_Info,Company Info,زانیاری کۆمپانیا
Company_Name,Company Name,ناوی کۆمپانیا
complete,Completed,تەواو بووە
Completed,Completed,تەواو بووە
Complete_Lines_Message,Please complete required fields on lines,تکایە مەیدانە پێویستەکان لەسەر هێڵەکان تەواو بکە
Complete_Payment,Complete Payment,پارەدانی تەواو
Confirm,Confirm,دڵنیاکردنەوە
confirmed,confirmed,پشتڕاستکراوەتەوە
Confirm_Clear_All,Are you sure you want to clear all selected products?,ئایا دڵنیای کە دەتەوێت هەموو بەرهەمە هەڵبژێردراوەکان پاک بکەیتەوە؟
Confirm_Delete_This_Item,Are you sure you want to delete this item?,ئایا دڵنیای کە دەتەوێت ئەم بابەتە بسڕیتەوە؟
Confirm_password,Confirm password,وشەی نهێنی پشتڕاست بکەرەوە
Confirm_this_order_Q,Confirm this order?,ئەم داواکارییە پشتڕاست بکەرەوە؟
Confirm_to_sale_hint,This will convert the online order into a Sale and deduct stock.,بەم شێوەیە داواکاری ئۆنلاین دەگۆڕێت بۆ فرۆشتن و کۆگاکە دەبڕێت.
Connect,Connect,گرێدان
Connected,Connected,بەستراوە
Connection,Connection,پەیوەندی
Connection_failed,Connection failed,پەیوەندی شکستی هێنا
Connection_Status,Connection status,دۆخی پەیوەندی
Connection_successful,Connection successful,پەیوەندی سەرکەوتوو
Connect_to_QuickBooks,Connect to QuickBooks,پەیوەندی بە QuickBooks
Connect_to_QuickBooks_first,Connect to QuickBooks first,پەیوەندی بە کویکبووکسەوە بکە سەرەتا
Consumer_Key,Consumer Key,کلیلی بەکاربەر
Consumer_Secret,Consumer Secret,نهێنی بەکاربەر
Contact,Contact,پەیوەندی
Contact_Address,Contact address,ناونیشانی پەیوەندی
Contact_Email,Contact email,پەیوەندی ئیمەیڵ
Contact_Phone,Contact phone,پەیوەندی تەلەفۆنی
Context,Context,سیاق
Convert,Convert,گۆڕین
Converted,Converted,گۆڕدراو
Copied_to_clipboard,Copied to clipboard,کۆپی کراوە بۆ کلیپبۆرد
Copy,Copy,کۆپی
Copy_to_clipboard,Copy to clipboard,کۆپی بکە بۆ کلیپبۆرد
Cost,Cost,تێچوو
couldNotFind,"We could not find the page you were looking for.Meanwhile, you may",ئێمە نەمانتوانی ئەو پەیجە بدۆزینەوە کە تۆ بەدوایدا دەگەڕایت.
Could_not_save_order,Could not save the order.,نەیتوانی فەرمانەکە پاشەکەوت بکات.
Count,Count,گێرانەوە
Counted_Cash,Counted Cash,ژماردنی کاش
Country,Country,وڵات
CountStock,Count Stock,ژمارەی ستۆک
Create,Create,دروستکردن
CreateAdjustment,Create Adjustment,دروستکردنی ڕێکخستن
Created_by,Added by,زیادکراوە لەلایەن
Created_in_successfully,Created in successfully,لە سەرکەوتوویی دروستکراوە
CreatePurchaseReturn,Create Purchase Return,دروستکردنی گەڕانەوەی کڕین
CreateReturnCustomer,Create Return Customer,دروستکردنی کڕیاری گەڕانەوە
CreateReturnSupplier,Create Return Supplier,دروستکردنی دابینکەری گەڕانەوە
CreateSale,Create Sale,دروستکردنی فرۆشتن
CreateSaleReturn,Create Sale Return,دروستکردنی فرۆشتن
CreateTransfer,Create Transfer,دروستکردنی گواستنەوە
Create_an_account,Create an account,دروستکردنی ئەکاونت
Create_a_new_product_with_all_details,Create a new product with all details,بەرهەمێکی نوێ دروست بکە بە هەموو وردەکارییەکانەوە
Create_Damage,Create Damage,دروستکردنی زیان
Create_deposit,Create deposit,دروستکردنی دانەوێڵە
Create_Expense,Create Expense,دروستکردنی خەرجیی
Create_from_WordPress_Profile,Create from WordPress Profile,لە پرۆفایلی وردپرێسەوە دروستی بکە
Create_Permission,Create Permission,دروستکردنی مۆڵەت
Create_Project,Create Project,دروستکردنی پرۆژە
Create_Quotation_with_Stock,Create Quotation with Stock,دروستکردنی وەرگێڕان لەگەڵ ستۆک
Create_secure_token_info,Create a secure token for your customer display. Tokens expire in 24 hours for security.,تۆکنێکی پارێزراو بۆ شاشەی کڕیارەکانت دروست بکە. تۆکنەکان لە ٢٤ کاتژمێردا بەسەر دەچن بۆ ئاسایش.
Create_Susbscription,Create Susbscription,دروستکردنی susbscription
Create_Task,Create Task,دروستکردنی ئەرک
Create_Transfer,Create Transfer,دروستکردنی گواستنەوە
Credit,Credit,کرێدیت
Credit_Card,Credit Card,کارتی بانکیی
credit_card_account_not_available,Credit card account not available,ئەژمێری کارتی بانکیی بەردەست نییە
Credit_card_changed_successfully,Credit card changed successfully,کارتی بانکیی بە سەرکەوتوویی گۆڕدرا
Credit_Card_Info,Credit card info,زانیاری کارتی بانکیی
Currencies,Currency,دراو
Currency,Currency,دراو
CurrencyCode,Currency Code,کۆدی دراو
CurrencyName,Currency Name,ناوی دراو
CurrentStock,Stock,کەرەستە
Current_stock,Current Stock,کۆگاکانی ئێستا
Current_Version,Current Version,وەشانی ئێستا
Customer,Customer,کڕیار
CustomerCode,Customer Code,کۆدی کڕیار
CustomerDetails,Customer Details,وردەکارییەکانی کڕیار
CustomerManagement,Customer Management,بەڕێوەبردنی کڕیار
CustomerName,Customer Name,ناوی کڕیار
CustomerPaiementsReport,Customer Payments Report,ڕاپۆرتی پارەدانی کڕیار
CustomerQuotationsReport,Customer Quotations Report,ڕاپۆرتی وەرگێڕانی کڕیار
Customers,Customers,کڕیاران
CustomerSalesReport,Customer Sales Report,ڕاپۆرتی فرۆشتنی کڕیار
CustomersList,Customers,کڕیاران
CustomersReport,Customers Report,ڕاپۆرتی کڕیاران
Customers_without_ecommerce_notice,customers not having an account in the online store.,ئەو کڕیارانەی لە فرۆشگای ئۆنلاین ئەکاونتیان نییە.
Customer_Credit_Note,Customer Credit Note,تێبینی قەرزی کڕیار
Customer_details,Customer Details,وردەکارییەکانی کڕیار
Customer_Display_Configuration,Customer Display Configuration,ڕێکخستنی پیشاندانی کڕیار
Customer_Display_Configuration_Subtitle,Set up and manage your customer-facing display for the POS system,ڕێکخستن و بەڕێوەبردنی شاشەی ڕووبەڕووی کڕیارەکەت بۆ سیستەمی POS
Customer_Info,Customer Info,زانیاری کڕیار
Customer_Invoice,Customer Invoice,فاکتورەی کڕیار
Customer_Ledger,Customer Ledger,کڕیاری سەرەکی
Customer_Loyalty_Points_Report,Customer Loyalty Points Report,ڕاپۆرتی خاڵەکانی دڵسۆزی کڕیار
Customer_Provider,Customer/Provider,
Customer_Screen,Customer Screen,شاشەی کڕیار
CustomRange,Custom range,مەودای تایبەت
CustomUpload,Custom Upload,بارکردنی تایبەت
Daily,Daily,ڕۆژانە
DailyPurchasesData,Daily Purchases Data,داتاکانی کڕینی ڕۆژانە
DailySalesData,Daily Sales Data,داتاکانی فرۆشتنی ڕۆژانە
dailySalesPurchases,Daily Sales & Purchases,فرۆشتنی ڕۆژانە و کڕین
Damages,Damages,زیانەکان
Damage_Detail,Damage Detail,وردەکاری زیان
dashboard,Dashboard,داشبۆرد
date,Date,ڕێکەوت
DateRange,Date range,مەودای بەروار
Day,Day,ڕۆژ
Days,days,ڕۆژان
DaysInactive,Days inactive,ڕۆژانی ناچالاک
DaysSinceLastMovement,Days since last movement,ڕۆژەکان لە دوایین جووڵەوە
DaysSinceLastSale,Days since last sale,ڕۆژان لە دوایین فرۆشتنەوە
Dead_Stock_Report,Dead Stock Report,ڕاپۆرتی ستۆکی مردوو
Debit,Debit,قەرز
Default,Default,بنەڕەتی
DefaultCurrency,Default Currency,دراوی پێشوەختە
DefaultCustomer,Default Customer,کڕیاری پێشوەختە
DefaultEmail,Default Email,ئیمەیڵی پێشوەختە
DefaultLanguage,Default Language,زمانی پێشوەختە
DefaultWarehouse,Default Warehouse,کۆگای پێشوەختە
Default_SMS_Gateway,Default SMS Gateway,دەروازەی کورتەنامەی پێشوەختە
Del,Delete,سڕینەوە
Delete,Delete,سڕینەوە
Deleted_in_successfully,Deleted in successfully,لە سەرکەوتوویی سڕاوەتەوە
Deleted_successfully,Deleted successfully,بە سەرکەوتوویی سڕاوەتەوە
DeletePurchase,Delete Purchase,سڕینەوەی کڕین
DeleteQuote,Delete Quotation,سڕینەوەی وەرگێڕان
DeleteReturn,Delete Return,سڕینەوەی گەڕانەوە
DeleteSale,Delete Sale,سڕینەوەی فرۆشتن
Delete_Account_Question,Are you sure you want to delete,ئایا دڵنیای کە دەتەوێت بسڕیتەوە
Delete_Account_Title,Delete Account,سڕینەوەی ئەکاونت
Delete_Account_Warning,This will permanently delete the account.,ئەمەش بۆ هەمیشە ئەو ئەکاونتە دەسڕێتەوە.
Delete_cancelButtonText,Cancel,ڕەتکردنەوە
Delete_confirmButtonText,"Yes, delete it!",بەڵێ، بیسڕەوە!
Delete_Customer,Delete Customer,سڕینەوەی کڕیار
Delete_Deleted,Deleted!,سڕاوەتەوە!
Delete_Draft_Entry_Question,Delete this draft entry?,ئەم ڕەشنووسە بسڕەوە؟
delete_employee,Delete employee,سڕینەوەی کارمەند
Delete_Failed,Delete failed.,Delete شکستی هێنا.
Delete_Provider,Delete Provider,سڕینەوەی دابینکەر
Delete_Text,You won\'t be able to revert this!,تۆ وۆن\'t ناتوانیت ئەمە بگەڕێنیتەوە!
Delete_Therewassomethingwronge,There was something wronge,شتێک هەبوو ستەم
Delete_Title,Are you sure?,ئایا دڵنیای؟
Delivered,Delivered,گەیاندی
delivered_to,Delivered To,گەیاندن بۆ
DemoVersion,You cannot do this in the demo version,ناتوانیت لە وەشانی دیمۆدا ئەم کارە بکەیت
department,Department,بەش
Departments,Departments,بەشەکانی
Department_Head,Department Head,سەرۆکی بەش
Deposits,Deposits,دانەبەزاندن
Deposits_Report,Deposits Report,ڕاپۆرتی دانەبەزاندنەکان
deposit_add,add deposit,زیادکردنی پارە
Deposit_Category,Deposit category,پۆلی دانان
deposit_delete,delete deposit,سڕینەوەی پارەی پێشەکی
deposit_edit,edit deposit,دەستکاری دانەوێڵە
deposit_view,view deposit,بینینی وەبەرهێنان
Dernièrescinqrecords,Last five records,پێنج تۆماری کۆتایی
Description,Description,وەسف
Description_Placeholder,Description,وەسف
Designation,Designation,ڕاسپاردن
Designations,Designations,دەستنیشانکردنەکان
DetailQuote,Detail Quotation,وردەکارییەکان
Details,Details,ووردەکاریەکان
developed_by,Developed by,پەرەی پێدراوە لەلایەن
Development,Development,پەرەپێدان
Difference,Difference,جیاوازی
Dimension,Dimension,ڕەهەند
Direction,Direction,ئاڕاستە
Disabled,Disabled,کەم ئەندام
DisActivateUser,This User Has been Deactivated,ئەم بەکارهێنەرە ناچالاك کراوە
Disconnect,Disconnect,پەیوەندی داببڕە
Disconnected,Disconnected,پچڕاو
Discount,Discount,داشکان
DiscountsOverTime,Discounts Over Time,داشکاندن بە تێپەڕبوونی کات
Discount_Method,Discount Type,جۆری داشکاندن
Discount_Summary_Report,Discount Summary Report,ڕاپۆرتی پوختەی داشکاندن
Display_limit,Display limit,سنووری پیشاندانی
Display_not_connecting_A,Check that the device is on the same network and use the full URL including the token.,بزانە کە ئامێرەکە لە هەمان تۆڕدایە و URL ی تەواو بە تۆکنەکەش بەکاربهێنە.
Display_not_connecting_Q,Display not connecting?,پیشاندانی پەیوەندیت نییە؟
Display_updates_automatically,Display updates automatically as items are added,نوێکاری پیشاندانی بە شێوەیەکی ئۆتۆماتیکی لەگەڵ زیادکردنی شتەکان
Display_URL,Display URL,پیشاندانی URL
Display_URL_Placeholder,Your display URL will appear here,URL ی پیشاندانی تۆ لێرە دەردەکەوێت
Documentation,Doc,دۆک
Documents,Documents,بەڵگەنامەکان
DownloadPdf,Download Pdf,داگرتنی PDF
Download_exemple,Download example,نموونەی داگرتن
Download_PDF,Download PDF,داگرتنی PDF
Draft,Draft,ڕەشنووس
Draft_Created_successfully,Draft Created successfully,ڕەشنووس دروستکرا بە سەرکەوتوویی
Draft_Invoices_Report,Draft Invoices Report,ڕەشنووسی ڕاپۆرتی فاکتورەکان
Draft_Sale_Deleted,Draft Sale Deleted,ڕەشنووسی فرۆشتن سڕاوەتەوە
Due,Due,بەهۆی
Dynamic_Appearance,Dynamic Appearance,ڕواڵەتێکی دینامیکی
"e.g. 30,60,90","e.g. 30,60,90","بۆ نموونە. 30,60,90"
Edit,Edit,بژارکردن
EditAdjustement,Edit Adjustement,دەستکاری ڕێکخستن بکە
EditCustomer,Edit Customer,دەستکاری کڕیار بکە
EditPayment,Edit Payment,دەستکاری پارەدان
EditProduct,Edit Product,دەستکاری بەرهەم
EditPurchase,Edit Purchase,دەستکاری کڕین
EditPurchaseReturn,Edit Purchase Return,دەستکاری گەڕانەوەی کڕین
EditQuote,Edit Quotation,دەستکاری وەرگێڕان
EditReturn,Edit Return,دەستکاری گەڕانەوە
EditReturnCustomer,Edit Return Customer,دەستکاری کڕیاری گەڕانەوە
EditReturnSupplier,Edit Return Supplier,دەستکاری دابینکەری گەڕانەوە
EditSale,Edit Sale,دەستکاری فرۆشتن
EditSaleReturn,Edit Sale Return,دەستکاری گەڕانەوەی فرۆشتن
EditTransfer,Edit Transfer,دەستکاری گواستنەوە
Edit_Account,Edit Account,دەستکاری ئەکاونت
Edit_Asset,Edit Asset,دەستکاری سەرمایە
Edit_Collection,Edit Collection,دەستکاری کۆکردنەوە
Edit_Customer,Edit Customer,دەستکاری کڕیار بکە
Edit_Damage,Edit Damage,دەستکاری زیانەکان بکە
edit_employee,Edit employee,دەستکاری کارمەند بکە
Edit_Expense,Edit Expense,خەرجیی دەستکاریکردن
Edit_Online_Store_Account,Edit Online Store Account,دەستکاری ئەکاونتی فرۆشگای ئۆنلاین بکە
Edit_Payment,Edit Payment,دەستکاری پارەدان
Edit_Permission,Edit Permission,دەستکاری مۆڵەت بکە
Edit_Project,Edit Project,دەستکاری پڕۆژە
Edit_Provider,Edit Provider,دەستکاری دابینکەر
Edit_Shipping,Edit Shipping,دەستکاری گەیاندن
Edit_Task,Edit Task,دەستکاری ئەرک
edit_tax_and_discount_and_shipping,edit tax and discount and shipping,دەستکاری باج و داشکاندن و گەیاندن
Effective_Rate,Effective rate,ڕێژەی کاریگەر
Email,Email,ئیمەیڵ
EmailCustomer,Email Customer,ئیمەیڵ کڕیار
EmailPurchase,Send Purchase on Email,لە ئیمەیڵدا کڕین بنێرە
EmailReturn,Send Return on Email,ناردنی گەڕانەوە لە سەر ئیمەیڵ
EmailSale,Send Sale on Email,لە ئیمەیڵدا فرۆشتن بنێرە
EmailSupplier,Supplier Email,ئیمەیڵی دابینکەر
Email_Address,Email Address,ناونیشانی ئیمەیڵ
Email_body,Email body,ئیمەیڵ بۆدی
email_notification,Email notification,ئاگادارکردنەوە لە ئیمەیڵ
Email_Subject,Email Subject,ئیمەیڵ بابەت
email_templates,Email Templates,قاڵبی ئیمەیڵ
Employee,Employee,کارمەند
Employees,Employees,کارمەندان
Employee_Details,Employee Details,وردەکارییەکانی کارمەند
Employment_type,Employment type,جۆری دامەزراندن
Enable,Enable,چالاک کردن
Enabled,Enabled,چالاک کراوە
Enable_Auto_Sync,Enable auto sync,چالاککردنی Auto Sync
Enable_Print_Invoice,Print Invoice automatically,بە شێوەیەکی ئۆتۆماتیکی فاکتورەی چاپ بکە
Enable_ZATCA_QR_on_Sales_Receipts,Enable ZATCA QR on Sales Receipts,Zatca QR چالاک بکە لەسەر پسوڵەی فرۆشتن
EnAttendant,Pending,هەڵپەسێردراو
encryption,MAIL_ENCRYPTION,mail_encryption
Entered_points_exceed_available,Entered points exceed available,خاڵەکانی چوونە ژوورەوە لە بەردەست زیاترە
Enter_account_name,Enter account name,ناوی ئەکاونتەکە بنووسە
Enter_account_num,Enter account num,ئەژمار بنووسە num
Enter_Address,Enter Address,ناونیشان بنووسە
Enter_Annual_Leave,Enter Annual Leave,چوونە ژوورەوەی مۆڵەتی ساڵانە
Enter_Attendance_date,Enter attendance date,بەرواری ئامادەبوون بنووسە
Enter_Bank_Branch,Enter Bank Branch,ENTER BANK BRANCH
Enter_Bank_Name,Enter Bank Name,ناوی بانکی بنووسە
Enter_Bank_Number,Enter Bank Number,ژمارەی بانکی بنووسە
Enter_Basic_salary,Enter Basic salary,مووچەی بنەڕەتی بنووسە
Enter_Birth_date,Enter birth date,بەرواری لەدایکبوون بچۆرە ژوورەوە
Enter_City,Enter City,چوونە ناو شار
Enter_City_Warehouse,Enter Warehouse City,چوونە ژوورەوەی شارە کۆگاکان
Enter_Code_category,Enter category Code,کۆدی پۆل دابنێ
Enter_Code_Currency,Enter Code Currency,کۆدی کۆد دابنێ
Enter_Company_Country,Enter company country,چوونە ناو کۆمپانیا وڵات
Enter_Company_Name,Enter company name,ناوی کۆمپانیا بنووسە
Enter_Company_Phone,Enter company phone,تەلەفۆنی کۆمپانیا بکە
Enter_Country,Enter Country,چوونە ناو وڵات
Enter_Country_Warehouse,Enter Warehouse Country,ENTER Warehouse Country
Enter_Department_Name,Enter department name,ناوی بەشەکە بنووسە
Enter_Description,Enter Description,وەسف بنووسە
Enter_Description_Brand,Enter Description Brand,پێناسەی براند بکە براند
Enter_email_address,Enter email address,ناونیشانی ئیمەیڵ بنووسە
Enter_Email_Warehouse,Enter Warehouse Email,ئیمەیڵی کۆگا بنووسە
Enter_Facebook,Enter Facebook,فەیسبووک بنووسە
Enter_Finish_date,Enter finish date,بەرواری تەواوکردن بنووسە
Enter_FirstName,Enter First Name,ناوی یەکەم بنووسە
Enter_Hourly_rate,Enter Hourly rate,ڕێژەی کاتژمێری دابنێ
Enter_initial_balance,Enter initial balance,هاوسەنگی سەرەتایی دابنێ
Enter_joining_date,Enter joining date,بەرواری بەشداریکردن بنووسە
Enter_LastName,Enter Last Name,ناوی کۆتایی بنووسە
Enter_Leaving_Date,Enter Leaving Date,بەرواری جێهێشتن بنووسە
Enter_LinkedIn,Enter LinkedIn,لینکیدئین بنووسە
Enter_location,Enter location,شوێن بنووسە
Enter_Minimum_Selling_Price,Enter Minimum Selling Price,کەمترین نرخی فرۆشتن بنووسە
Enter_Name_Brand,Enter Name Brand,ناوی براند بنووسە
Enter_name_category,Enter category Name,ناوی پۆلەکە بنووسە
Enter_name_Currency,Enter name Currency,ناوی خۆت دابنێ دراو
Enter_Name_Product,Enter Name Product,ناوی بەرهەمەکە بنووسە
Enter_Name_Unit,Enter Unit Name,ناوی یەکەی بنووسە
Enter_Name_Warehouse,Enter Warehouse Name,ناوی کۆگاکە بنووسە
Enter_New_Credit_Card,Enter New Credit Card,کارتی بانکیی نوێ بنووسە
Enter_Operation_Value,Enter Operation Value,بەهای کارکردن داخڵ بکە
Enter_Payment_Method,Enter Payment Method,شێوازی پارەدان دابنێ
Enter_Phone_Number,Enter Phone Number,ژمارەی تەلەفۆن بنووسە
Enter_Phone_Warehouse,Enter Warehouse Phone,مۆبایلی کۆگا بکە
Enter_Product_Code,Enter Product Code,کۆدی بەرهەم بنووسە
Enter_Product_Cost,Enter Product Cost,تێچووی بەرهەم بنووسە
Enter_Product_Price,Enter Product Price,نرخی بەرهەمەکە بنووسە
Enter_Project_Title,Enter Project Title,ناونیشانی پڕۆژەکە بنووسە
Enter_Province,Enter Province,چوونە ناو پارێزگا
Enter_Reason_Leave,Enter Reason Leave,هۆکار دابنێ بۆ جێهێشتن
Enter_Role_Description,Enter Role Description,وەسفکردنی ڕۆڵ بنووسە
Enter_Role_Name,Enter Role Name,ناوی ڕۆڵ بنووسە
Enter_Shift_name,Enter Shift name,ناوی Shift بنووسە
Enter_ShortName_Unit,Enter shortname Unit,ناوی کورتە کورتەیەک بنووسە
Enter_Skype,Enter Skype,ENTER SKYPE
Enter_Start_date,Enter start date,بەرواری دەستپێکردن بنووسە
Enter_Stock_alert,Enter Stock alert,ئاگادارکردنەوە لە کۆگا
Enter_Store_URL,Enter store URL,URL ی فرۆشگا بنووسە
Enter_Symbol_Currency,Enter Symbol Currency,دراوی هێما ENTER
Enter_Task_Title,Enter Task Title,ناونیشانی ئەرکەکان بنووسە
Enter_the_Variant,Enter the Variant,جۆرەکە بنووسە
Enter_title,Enter title,ناونیشان بنووسە
Enter_Twitter,Enter Twitter,Twitter بنووسە
Enter_warranty_terms,Enter warranty terms,مەرجەکانی گەرەنتی دابنێ
Enter_WhatsApp,Enter WhatsApp,WhatsApp بنووسە
Enter_Wholesale_Price,Enter Wholesale Price,نرخی بە تاک و کۆ بنووسە
Enter_ZipCode_Warehouse,Enter Warehouse Zip Code,کۆدی زیپی کۆگا بنووسە
Enter_Zip_code,Enter Zip code,کۆدی زیپ دابنێ
Entry_Created_Draft,Entry created (draft),هاتنە ژوورەوە دروست کراوە (ڕەشنووس)
Entry_Updated,Entry updated,زانیاری نوێکراوەتەوە
Env,Env,Env
Environment,Environment,ژینگە
Equity,Equity,یەکسانی
Error,Error!,هەڵە!
Errors,Errors,هەڵەکان
Error_Logs,Error Logs,لۆگەکانی هەڵە
erroSale,This sale already linked with a Return!,ئەم فرۆشتنە پێشتر پەیوەندی بە گەڕانەوەیەوە هەیە!
Example_Code,e.g. 1000,بۆ نموونە. 1000
Example_Name,e.g. Cash,بۆ نموونە. پارەی نەختی
EXCEL,Excel,ئێکسڵ
Exp,Expiry Date,بەرواری بەسەرچوون
Expense,Expense,خەرجیی
Expenses,Expenses,خەرجیەکان
Expense_30d,Expense (30d),خەرجیی (30d)
expense_add,add expense,خەرجیی زیاد بکە
Expense_Category,Expense Category,خەرجیی خەرجییەکان
Expense_Created,This Expense has been Created,ئەم خەرجییە دروستکراوە
expense_delete,delete expense,سڕینەوەی خەرجییەکان
Expense_Deleted,This Expense has been deleted,ئەم خەرجییە سڕاوەتەوە
expense_edit,edit expense,خەرجیی دەستکاریکردن
Expense_List,All Expenses,هەموو خەرجییەکان
Expense_Report,Expense Report,ڕاپۆرتی خەرجییەکان
Expense_Updated,This Expense has been Updated,ئەم خەرجییە نوێ کراوەتەوە
Experiences,Experiences,ئەزموونەکان
Export_Excel,Export Excel,Export Excel
Export_PDF,Export PDF,هەناردەکردنی PDF
Facebook,Facebook,فەیسبووک
FactureReturnCustomers,Return Customer Invoice,گەڕانەوەی فاکتورەی کڕیار
FactureReturnSuppliers,Return Supplier Invoice,فاکتورەی دابینکەری گەڕانەوە
Failed,Failed,شکستی هێنا
Failed to add translation,Failed to add translation,شکستی هێنا لە زیادکردنی وەرگێڕان
Failed to update,Failed to update,شکستی هێنا لە نوێکردنەوە
Failed_Load_Tax_Summary,Failed to load tax summary. Please try again.,شکستی هێنا لە بارکردنی پوختەی باج. تکایە دووبارە هەوڵبدەرەوە.
Failed_to_authenticate_on_SMTP_server,Failed to authenticate on SMTP server,شکستی هێنا لە ڕەسەنایەتیکردن لەسەر سێرڤەری SMTP
Failed_to_clear_cache,Failed to clear cache,شکستی هێنا لە پاککردنەوەی کاش
Failed_to_copy_to_clipboard,Failed to copy to clipboard,شکستی هێنا لە کۆپیکردن بۆ کلیپبۆرد
Failed_to_disconnect,Failed to disconnect,شکستی هێنا لە پچڕاندنی پەیوەندی
Failed_to_generate_token,Failed to generate token,شکستی هێنا لە دروستکردنی تۆکن
Failed_to_load,Failed to load.,شکستی هێنا لە بارکردن.
Failed_to_load_audit_logs,Failed to load audit logs,شکستی هێنا لە بارکردنی لۆگەکانی وردبینی
Failed_to_load_client_stats,Failed to load client stats,شکستی هێنا لە بارکردنی ئاماری مشتەری
Failed_to_load_settings,Failed to load settings,شکستی هێنا لە بارکردنی ڕێکخستنەکان
Failed_to_load_status,Failed to load status,شکستی هێنا لە بارکردنی دۆخی
Failed_to_load_unsynced_clients,Failed to load unsynced clients,شکستی هێنا لە بارکردنی مشتەرییە بێهاوتاکان
Failed_to_save_settings,Failed to save settings,شکستی هێنا لە پاشەکەوتکردنی ڕێکخستنەکان
Failed_to_sync_clients,Failed to sync clients,شکستی هێنا لە هاوکاتکردنی مشتەرییەکان
Failed_to_update_subscription_status,Failed to update subscription status,شکستی هێنا لە نوێکردنەوەی دۆخی بەشداریکردن
Family_status,Family Status,دۆخی خێزان
Favicon,Favicon,فاڤیکۆن
Featured_Product,Featured Product,بەرهەمی تایبەت
Features,Features,تایبتمەندیەکان
Field_is_required,This Field is required,ئەم بوارە پێویستە
field_must_be_in_csv_format,Field must be in csv format,مەیدان دەبێت بە شێوەی CSV بێت
Field_optional,Field optional,مەیدانی هەڵبژاردە
file,file,فایل
Filesize,File size,قەبارەی پەڕگە
file_size_must_be_less_than_1_mega,File size must be less than 1 mega,قەبارەی پەڕگە دەبێت کەمتر بێت لە 1 مێگا
Filter,Filter,فلتەر
Filters,Filters,فلتەرەکان
Filter_by_warehouse,Filter by warehouse,فلتەر بەپێی کۆگا
Finish_Date,Finish date,بەرواری تەواوکردن
Firstname,First Name,ناوی یەکەم
Flag,Flag,ئاڵا
Font_Family,Font family,فۆنت خێزان
footer,footer,پێی
Footer_Text,Footer text,دەقی پێیەکان
Forgot_Password,Forgot Password ?,وشەی نهێنی لەبیرت کردووە ؟
friday_in,Friday In,هەینی لە
friday_out,Friday Out,هەینی دەرەوە
From,From,لە
FromWarehouse,From Warehouse,لە کۆگاوە
From_Account,From Account,لە ئەکاونتەوە
From_Intuit_Keys_Identifies_App,From Intuit Developer → Keys. This identifies your app to QuickBooks.,لە کۆمپانیای Intuit Developer → Keys. ئەمەش ئەپەکەت بۆ QuickBooks دەناسێنێت.
From_Intuit_Keys_Keep_private_rotate,From Intuit Developer → Keys. Keep this private. Rotate it if you suspect exposure.,لە کۆمپانیای Intuit Developer → Keys. ئەم تایبەتە بهێڵەرەوە. ئەگەر گومانت لە بەرکەوتن هەیە بیخولێنەرەوە.
Fullscreen,Fullscreen,فول سکرین
Gateway,SMS Gateway,دەروازەی کورتەنامە
Gender,Gender,ڕەگەز
GenerateBackup,Generate Backup,دروستکردنی پاشەکەوت
Generate_Access_Token,Generate Access Token,دروستکردنی تۆکنێکی دەستگەیشتن
Generate_New_Token,Generate New Token,دروستکردنی تۆکنێکی نوێ
Generate_new_tokens_anytime,Generate new tokens anytime to rotate access,لە هەر کاتێکدا تۆکنی نوێ دروست بکە بۆ سوڕاندنی دەستگەیشتن
Generating,Generating,دروستکردن
Go_back_to_home,Go back to homepage,بڕۆ بۆ ماڵەوە
Grand,Grand,گراند
Grand_Total,Grand Total,گراند تۆتال
Gross_Profit,Gross Profit,قازانجی گشتی
Group,Group,گروپ
GroupBy,Group by,گروپ لەلایەن
GroupPermissions,Group Permissions,مۆڵەتی گروپ
Guarantee_Period,Guarantee Period,ماوەی گرەنتی
HasGuarantee,Has Guarantee,گرەنتی هەیە
Header_Discount,Header discount,داشکاندنی سەردێڕ
Hello,Hello,سڵاو
Hero,Hero,پاڵەوان
Hero_Header,Hero header,سەرپۆشی پاڵەوان
Hero_Image,Hero image,وێنەی پاڵەوان
Hero_Subtitle,Hero subtitle,هێرۆ ژێرنووس
Hero_Title,Hero title,ناونیشانی پاڵەوان
Holiday,Holiday,پشوو
Holidays,Holidays,جەژن
Homepage_Blocks,Homepage blocks,سەرەتا بلۆکەکان
HOST,MAIL_HOST,mail_host
Hourly,Hourly,کاتژمێر بە کاتژمێر
Hourly_rate,Hourly rate,ڕێژەی کاتژمێری
How_to_Use,How to Use,چۆنێتی بەکارهێنان
hrm,HRM,HRM
ID,ID,ID
If_matching_email_exists_reuse_instead_of_duplicate,"If a matching email exists in QBO, we’ll re-use it instead of creating a duplicate.",ئەگەر ئیمەیڵێکی هاوتا لە QBO بوونی هەبێت، ئێمە لەبری ئەوەی دووبارەکردنەوەیەک دروست بکەین، دووبارە بەکاری دەهێنینەوە.
image,Image,وێنە
IMEI_SN,IMEI/SN,
Import_Customers,Import Customers,هاوردەکردنی کڕیاران
import_products,Import products,بەرهەمەکانی هاوردەکردن
Import_Purchases,Import Purchases,کڕینی هاوردەکردن
Import_Suppliers,Import Suppliers,دابینکەرانی هاوردەکردن
Inactif,Inactive,ناچالاک
Inactive,Inactive,ناچالاک
Inactive_Customers_Report,Inactive Customers Report,ڕاپۆرتی کڕیارە ناچالاکەکان
Inbound,Inbound,inbound
Include_Points_Discounts,Include points-based discounts,داشکاندنی لەسەر بنەمای خاڵەکان لەخۆ بگرە
Income,Income,داهات
IncomeExpenses,Income & Expenses,داهات و خەرجییەکان
Income_30d,Income (30d),داهات (30d)
Income_Account_Name,Income Account Name,ناوی ئەژمێری داهات
Income_Account_Name_Hint,"If left empty, we’ll use “Sales of Product Income” by default. When syncing, we’ll search QBO for an account with this exact name, if none exists, we’ll use “Sales of Product Income” by default.",ئەگەر بە بەتاڵی بمێنێتەوە، ئێمە بە شێوەی دیفۆڵت “فرۆشتنی داهاتی بەرهەم” بەکاردەهێنین. لە کاتی هاوکاتکردندا، ئێمە لە QBO دەگەڕێین بۆ ئەکاونتێک بەم ناوە وردە، ئەگەر هیچیان نەبوو، ئێمە بە شێوەی دیفۆڵت “فرۆشتنی داهاتی بەرهەم” بەکاردەهێنین.
Incomplete,Incomplete,ناتەواو
Incorrect_Login,Incorrect Login,چوونەژوورەوەی هەڵە
Inflow,Inflow,هاتنە ژوورەوە
Inflow_vs_Outflow_by_Group,Inflow vs Outflow by Group,inflow vs outflow لەلایەن گروپەوە
initial_balance,Initial balance,هاوسەنگی سەرەتایی
Input_Tax,Input Tax,باجی هاتوو
InsufficientStock,Insufficient stock for,کۆگایەکی کەم بۆ
Insufficient_stock_for,Insufficient stock for:,کۆگایەکی کەم بۆ:
Invalid,Invalid,نادروست
InvalidData,Something went wrong,شتێک بە هەڵەدا ڕۆیشت
Inventory,Inventory,لیستی کەلوپەل
Inventory_Valuation,Inventory Valuation,بەهادان بە کۆگا
Inventory_Valuation_Based_on_Average_Cost,Inventory Valuation Based on Average Cost,بەهادان بە کۆگا لەسەر بنەمای تێکڕای تێچووی
Invoice,Invoice,پسوولە
invoice_footer,Invoice footer,Fainoice Footer
Invoice_Info,Invoice Info,زانیاری فاکتورە
Invoice_POS,Invoice POS,فاکتورە POS
In_Progress,In Progress,لە پێشڕەویدا
In_Stock,In stock,لە کۆگادایە
In_Use,In Use,لە بەکارهێناندا
Is_Royalty_Eligible,Is royalty eligible,شایستەی ڕۆیاڵیتی هەیە
Items,Items,کەرەستەکان
Items_appear_realtime,Items from the POS cart will appear in real-time,شتەکان لە عەرەبانەی POS لە کاتی ڕاستەقینەدا دەردەکەون
Items_not_updating_A,Ensure the POS system is running and the display URL is actively being used.,دڵنیابە لەوەی کە سیستەمی POS کاردەکات و URLی نمایشەکە بە شێوەیەکی چالاک بەکاردەهێنرێت.
Items_not_updating_Q,Items not updating?,ئەو شتانەی کە نوێکردنەوەیان نییە؟
Items_will_appear_here_as_added_to_cart,Items will appear here as they're added to the cart,شتەکان لێرە دەردەکەون وەک چۆن زیاد دەکرێن بۆ عەرەبانەکە
ITEM_NAME,ITEM NAME,ناوی بابەت
joining_date,Joining date,بەرواری بەشداریکردن
Journal_Entries_30d,Journal Entries (30d),نووسینی گۆڤارەکان (30d)
Journal_Entries_Link,Journal Entries,نووسینی گۆڤارەکان
Journal_Entries_Subtitle,Create manual entries and browse posted journals.,دروستکردنی نووسراوەکانی دەستی و گەڕان بە گۆڤارەکانی پۆستکراودا.
Journal_Entries_Title,Journal Entries,نووسینی گۆڤارەکان
Journal_Number,Journal #%{number},گۆڤاری #%{ژمارە}
Journal_Status_Draft,Draft,ڕەشنووس
Journal_Status_Posted,Posted,پۆست کراوە
Keep,Keep,پاراستن
Laivrison,Delivery,گەیاندن
Language,Language,زمان
Languages,Languages,زمانەکان
Last4,Last 4 Digits,کۆتا ٤ ژمارە
Last5Sales,Last 5 Sales,کۆتا 5 فرۆشتن
LastInbound,Last inbound,دوایین هاتوو
LastMovement,Last movement,دوا جووڵە
lastname,Last Name,ناوی کۆتایی
LastPurchase,Last purchase,دوایین کڕین
LastSale,Last sale,دوایین فرۆشتن
Last_30_days,Last 30 days,٣٠ ڕۆژ
Last_5_Log_Entries,Last 5 log entries,کۆتا 5 نووسینی لۆگ
Last_60_days,Last 60 days,٦٠ ڕۆژ
Last_7_days,Last 7 days,کۆتا ٧ ڕۆژ
Last_90_days,Last 90 days,90 ڕۆژی ڕابردوو
Last_Sync,Last sync,دوا هاوکاتکردن
Last_Synced_Orders,Last synced orders,دوا داواکاری هاوکات
Last_Sync_Time,Last sync time,دوایین جار هاوکاتکردن
LeaveBlank,Please leave this field blank if you haven\'t changed it,تکایە ئەم مەیدانە بە بەتاڵی بهێڵەرەوە ئەگەر نەتگۆڕیوە
Leave_Reason,Leave Reason,هۆکار بەجێبهێڵە
Leave_request,Leave Request,داواکاری بەجێبهێڵە
Leave_type,Leave Type,جۆری بەجێبهێڵە
Leaving_Date,Leaving Date,رێکەوتی جێهێشتن
Level,Level,ئاست
Liabilities,Liabilities,ئیلتزاماتەکان
Liability,Liability,لێپرسراویەتی
Limit,Limit,سنوور
Lines,Lines,هێڵەکان
Line_Discount,Line discount,داشکاندنی هێڵ
LinkedIn,LinkedIn,لینكدئین
ListAdjustments,All Adjustments,هەموو ڕێکخستنەکان
ListExpenses,All Expenses,هەموو خەرجییەکان
ListofBrand,Brands,براندەکان
ListofCategory,List of Category,لیستی پۆلەکان
ListPurchases,All Purchases,هەموو کڕینەکان
ListQuotations,All Quotations,هەموو وەرگێڕانەکان
ListReturns,All Returns,هەموو گەڕانەوەکان
ListSales,All Sales,هەموو فرۆشتنەکان
ListTransfers,All Transfers,هەموو گواستنەوەکان
List_accounts,List accounts,لیستی ئەکاونتەکان
List_Deposit,List Deposit,دانانی پارەی دانەوێڵەیی
list_product_returns,list product returns,لیستی بەرهەمەکە دەگەڕێتەوە
Live_QB_company,Live QuickBooks company (real customers & invoices).,کۆمپانیای Live QuickBooks (کڕیارە ڕاستەقینەکان و فاکتورەکان).
Loading,Loading,لە بارکردن
Locale,Locale,لۆکاڵی
Location,Location,شوێن
LoginCaptcha,Login Captcha,چوونەژوورەوە Captcha
Logo,Logo,لۆگۆ
logout,Logout,چوونە دەرەوە
Looks good,Looks good,جوان دەردەکەوێت
LowStock,Quantity exceeds quantity available in stock,بڕی زیاتر لە بڕی بەردەستە لە کۆگادا
Loyalty_Eligible,Loyalty Eligible,دڵسۆزی شایستە
Loyalty_Points_Help,"When enabled, this customer will earn loyalty points on eligible purchases and can redeem them later.",کاتێک کە چالاک دەکرێت، ئەم کڕیارە خاڵەکانی دڵسۆزی لە کڕینی شایستە بەدەست دەهێنێت و دەتوانێت دواتر بیانگەڕێنێتەوە.
mail_settings,Mail Settings,ڕێکخستنەکانی پۆست
Maintenance,Maintenance,چاکردنەوە
managementCategories,Categories management,پۆلەکان بەڕێوەبردن
ManagementCurrencies,Currency Management,بەڕێوەبردنی دراو
managementTax,Tax management,بەڕێوەبردنی باج
managementUnitPurchases,Purchases Unit,یەکەی کڕین
managementUnitSales,Sales Unit,یەکەی فرۆشتن
ManagementWarehouse,Warehouse Management,بەڕێوەبردنی کۆگا
ManagerUnits,Units Management,بەڕێوەبردنی یەکەکان
Memo,Memo,یاداشت
Message,Message,پەیام
Messages,Messages,نامەکان
Method,Method,ڕێگا
Minimum_Selling_Price,Minimum Selling Price,کەمترین نرخی فرۆشتن
Min_Selling_Price,Min Selling Price,نرخی فرۆشتن
ModePaiement,Paid by,پارە دەدرێت لەلایەن
Module_Disabled_success,Module Disabled successfully,مۆدیول بە سەرکەوتوویی لەکارخراوە
Module_enabled_success,Module enabled successfully,مۆدیول بە سەرکەوتوویی چالاک کراوە
module_settings,Module Settings,ڕێکخستنەکانی مۆدیول
Monday_In,Monday In,دووشەممە لە
Monday_Out,Monday Out,دووشەممە دەرەوە
MontantReste,Amount left,بڕی ماوە
Months,Months,مانگەکان
MTD,Month to date,مانگ تا ئێستا
MultipleImage,Multiple Image,چەندین وێنە
must_be_exist,unit must already be created,پێویستە یەکەی پێشتر دروست بکرێت
Must_match_Intuit_redirect_exactly,"Must match the value on your Intuit app exactly (scheme, host, path).","دەبێت بە وردی بەهای سەر ئەپی Intuit ی خۆت بگونجێنە (Scheme, Host, Path)."
Name,Name,ناو
Namecategorie,Category Name,پۆل ناو
Name_product,Name,ناو
Negative_Stock_Report,Negative Stock Report,ڕاپۆرتی نێگەتیڤی ستۆک
Net,Net,تۆڕ
NetAdjustmentsOverTime,Net adjustments over time,ڕێکخستنی تۆڕ بە تێپەڕبوونی کات
NetCashFlow,Net Cash Flow,ڕۆیشتنی پارەی پاک
NetCashFlowOverTime,Net Cash Flow Over Time,ڕۆیشتنی پارەی پاک بە تێپەڕبوونی کات
NetQty,Net qty,تۆڕ Qty
Net_Profit,Net Profit,قازانجی پاک
Net_Purchases,Net Purchases,کڕینی تۆڕ
Net_Sales,Net Sales,فرۆشی تۆڕ
Net_Tax,Net Tax,باجی تۆڕ
Net_Unit_Cost,Net Unit Cost,تێچووی یەکە پاکەکان
Net_Unit_Price,Net Unit Price,نرخی یەکەی پاک
Never_Moved,Never moved,هەرگیز نەجووڵێت
Never_Purchased,Never purchased,هەرگیز نە کڕیوە
Never_Sold,Never sold,هەرگیز نەفرۆشراوە
New,New,نوێ
NewAdjustement,New Adjustement,ڕێکخستنی نوێ
Newpassword,New password,وشەی نهێنی نوێ
Newsletter,Newsletter,هەواڵنامە
New_Account,New Account,ئەکاونتی نوێ
New_Collection,New Collection,کۆمەڵەیەکی نوێ
New_Customer,New Customer,کڕیاری نوێ
Nexmo_SMS,Nexmo SMS,NEXMO SMS
Next,Next,داهاتوو
next_billing_date,next billing date,ڕۆژی داهاتووی فەسڵکردن
No,No,نەخێر
No changes to save,No changes to save,هیچ گۆڕانکارییەک نییە بۆ پاشەکەوتکردن
NodataAvailable,No data Available,هیچ زانیارییەک لەبەردەستدا نییە
None,None,هیچ
Note,Note,تێبینی
notes,Notes,تێبینیەکان
Note_to_customer,Note to customer,تێبینی بۆ کڕیار
Note_update,"Make sure you backup your Current version & database before you run the Upgrade , To restore it if there is an error","دڵنیابە کە تۆ پاشەکەوتت لە وەشانی ئێستات & بنکەدراوەی خۆت پێش ئەوەی Upgrade جێبەجێ بکەیت , بۆ گەڕاندنەوەی ئەگەر هەڵەیەک هەبوو"
NotFound,Page not found.,پەیج نەدۆزرایەوە.
Notice,Notice,تێبینی
Notification_Client,Notification Client,ئاگادارکردنەوە مشتەری
Notification_Supplier,Notification Supplier,دابینکەری ئاگادارکردنەوە
notification_template,Notification Template,قاڵبی ئاگادارکردنەوە
Not_Available,Not available,بەردەست نییە
Not_Balanced,Not balanced,هاوسەنگ نییە
Not_connected_to_QuickBooks,Not connected to QuickBooks.,پەیوەندی بە QuickBooksەوە نییە.
Not_Started,Not Started,دەست پێ نەکەیت
Not_Synced,Not synced,هاوئاهەنگ نە
No_actions_available,No actions available,هیچ کردارێک لەبەردەستدا نییە
No_clients_were_synced,No clients were synced,هیچ کڕیارێک هاوکات نەکرا
No_dashboard_permission,You don't have permission to view the dashboard.,تۆ مۆڵەتت نییە بۆ بینینی داشبۆردەکە.
No_items,No items,هیچ بابەتێک نییە
No_message_selected,No message selected,هیچ نامەیەک هەڵنەبژێردرا
no_name,no name,بێ ناو
No_products_in_collection_yet,No products in this collection yet,هێشتا هیچ بەرهەمێک لەم کۆمەڵەیەدا نییە
No_results,No results,هیچ ئەنجامێک نییە
No_Token_Generated_Yet,No Token Generated Yet,هیچ تۆکنێک دروست نەکراوە
Num,N°,N°
Number,Number,ژمارە
Occurred_At,Occurred At,لە
Of,of,لە
Office_Shift,Office Shift,شۆفتی ئۆفیس
Old_tokens_invalid_immediately,Old tokens become invalid immediately,یەکسەر تۆکنە کۆنەکان نادروست دەبن
OnHand,On hand,لە دەست
Online_Orders,Online Orders,داواکاری ئۆنلاین
Only_clients_without_quickbooks_customer_id_are_candidates,Only clients without quickbooks_customer_id (empty or null) are candidates.,تەنها ئەو مشتەرییانەی کە QuickBooks_Customer_ID (بەتاڵ یان پووچ) نین، کاندیدن.
Only_Unconverted,Only unconverted,تەنها نەگۆڕاو
On_Hold,On Hold,لە ڕاگرتن
oops,Oops! Page not found.,ئۆپس! پەیج نەدۆزرایەوە.
Open,Open,کردنەوە
Open Register,Open Register,تۆماری بکەرەوە
Opened,Opened,کرایەوە
Opening,Opening,کردنەوەی
OpeningStock,Opening Stock,کۆگای کردنەوەی
Opening_Balance,Opening Balance,کردنەوەی هاوسەنگی
Opening_Stock,Opening Stock,کۆگای کردنەوەی
Open_URL_on_display_device,Open the URL on your customer-facing display device,URLەکە بکەرەوە لەسەر ئامێری پیشاندانی ڕووبەڕووی کڕیارەکەت
Operation,Operation,کردە
OperationValue,Operation Value,بەهای کارکردن
Operation_Failed,Operation failed,ئۆپەراسیۆنەکە شکستی هێنا
Operation_failed_try_again,Operation failed. Please try again.,ئۆپەراسیۆنەکە شکستی هێنا. تکایە دووبارە هەوڵبدەرەوە.
Operator,Operator,ئۆپەراتۆر
Options,Options,هەڵبژاردنەکان
Order,Order,فەرمان
Ordered,Ordered,داواکراوە
Orders,Orders,داواکاری
OrdersManager,Orders Management,بەڕێوەبردنی داواکاری
OrderStatistics,Sales Statistics,ئاماری فرۆشتن
OrderTax,Order Tax,داواکاری باج
Order_cancelled,Order cancelled,داواکاری هەڵوەشاوە
Order_confirmed,Order confirmed,داواکاری پشتڕاستکرایەوە
Order_confirmed_as_sale,Order confirmed as Sale :ref,داواکاری پشتڕاستکراوەتەوە وەک فرۆشتن :ref
Order_determines_display_priority,The order determines the display priority.,فەرمانەکە ئەولەویەتی پیشاندانی دیاری دەکات.
order_products,Order items,بابەتی داواکاری
Order_saved,Order saved.,داواکاری پاشەکەوتکراو.
Order_Summary,Order Summary,پوختەی داواکاری
Outbound,Outbound,ئاوتبۆند
Outflow,Outflow,Outflow
Output_Tax,Output Tax,باجی دەرچوون
Out_of_Stock,Out of stock,لە کۆگادا نەماوە
Overall_progress,Overall progress,پێشکەوتنی گشتی
Packed,Packed,پاکەت
Page,Page,پەیج
page_not_exist,Sorry! The page you were looking for doesn\'t exist.,ببوورە! ئەو لاپەڕەیەی کە تۆ بەدوایدا دەگەڕایت بوونی نییە.
page_title_suffix,Page title suffix,پاشگری ناونیشانی لاپەڕە
Page_total,Page total,کۆی گشتی لاپەڕەکان
Page_totals,Page totals,کۆی گشتی لاپەڕەکان
Paid,Paid,پارەی دا
PaiementsNet,Payments Net,پارەدانەکان
PaiementsReceived,Payments Received,پارەدانەکان وەرگیراون
PaiementsSent,Payments Sent,پارەدانەکان نێردراوە
Paper_size,Paper size,قەبارەی کاغەز
Parent,Parent,دایک و باوک
Parentcategorie,Parent category,پۆلی دایک و باوک
partial,Partial,بەشەکی
password,Password,نهێنوشە
Paste_value_exactly_as_in_app_keys,Paste the value exactly as shown in your app’s Development/Production keys.,
Pay,Pay,پارەدان
PayeBy,Paid By,پارە دەدرێت لەلایەن
Paying,Paying,پارەدان
Paying_Amount,Paying Amount,بڕی بڕە پارە
Paying_amount_is_greater_than_Grand_Total,Paying amount is greater than Grand Total,بڕی پارەدان زیاترە لە کۆی گشتی گەورە
Paying_amount_is_greater_than_Received_amount,Paying amount is greater than received amount,بڕی پارەدان زیاترە لە بڕی وەرگیراو
Paying_amount_is_greater_than_Total_Due,Paying amount is greater than Total Due,بڕی پارەدان زیاترە لە کۆی گشتی پێویست
Payment,Payment,پارەدان
Paymentchoice,Payment choice,هەڵبژاردنی پارەدان
PaymentComplete,Payment complete!,پارەدان تەواو!
PaymentMethod,Payment Method,شێوازی پارەدان
PaymentOption,Payment Option,بژاردەی پارەدان
Payments,Payments,پارەدان
PaymentsByMethod,Payments By Method,پارەدان بە شێواز
PaymentsOverTime,Payments Over Time,پارەدان بە تێپەڕبوونی کات
PaymentsPurchases,Payments Purchases,کڕینی پارەدان
PaymentsReport,Payments Report,ڕاپۆرتی پارەدان
PaymentsReturns,Payments Returns,پارەدانەکان گەڕانەوە
PaymentsSales,Payments Sales,پارەدان فرۆشتن
PaymentStatus,Payment Status,دۆخی پارەدان
payments_Purchases_Return,Payments Purchases Return,پارەدانەکان گەڕانەوە گەڕانەوە
payments_Sales_Return,Payments Sales Return,گەڕانەوەی فرۆشتن
Payments_Total,Payments (Total),پارەدان (کۆی گشتی)
Payment_Breakdown,Payment Breakdown,شکاندنی پارەدان
Payment_Checkout,Payment Checkout,پشکنینی پارەدان
Payment_Date,Payment Date,بەرواری پارەدان
Payment_Gateway,Payment Gateway,دەروازەی پارەدان
Payment_Method,Payment Method,شێوازی پارەدان
Payment_Methods,Payment Methods,شێوازەکانی پارەدان
Payment_note,Payment Note,تێبینی پارەدان
Payment_Purchases,Payment Purchases,کڕینی پارەدان
Payment_Received,Payment Received,پارەدان وەرگیراوە
Payment_Ref,Payment Ref,REF REF
Payment_Sent,Payment Sent,پارەدان نێردراوە
Payment_Sent_Received,Payment Sent & Received,پارەدان نێردراوە و وەرگیراوە
Payment_Status,Payment Status,دۆخی پارەدان
payNow,Pay Now,ئێستا پارە بدە
Payroll,Payroll,مووچە
pay_all_purchase_due_at_a_time,pay all purchase due at a time,پارەی هەموو کڕینێک بدە لە یەک کاتدا
pay_all_purchase_return_due_at_a_time,pay all purchase return due at a time,هەموو ئەو گەڕانەوەیەی کڕین بدە کە لە یەک کاتدا دەدرێت
pay_all_sell_due_at_a_time,pay all sell due at a time,پارەی هەموو فرۆشتنێک بدە لە یەک کاتدا
pay_all_sell_return_due_at_a_time,pay all sell return due at a time,پارەی هەموو گەڕانەوەی فرۆشتن بدە کە لە یەک کاتدا دەدرێت
Pay_Due,Pay Due,مووچەی پێویست
Pending,pending,هەڵپەسێردراو
People,People,خەڵک
PeopleManager,People Management,بەڕێوەبردنی خەڵک
Perfect_for_showing_purchases,Perfect for showing customers their purchases,زۆر گونجاوە بۆ ئەوەی کڕینەکانیان پیشانی کڕیاران بدات
Period,Period,ماوە
PermissionsManager,Permissions Management,بەڕێوەبردنی مۆڵەتەکان
Per_page,Per page,بۆ هەر لاپەڕەیەک
Phone,Phone,تەلەفۆن
Please reload the page after saving translations to apply the changes.,Please reload the page after saving translations to apply the changes.,تکایە دوای پاشەکەوتکردنی وەرگێڕانەکان لاپەڕەکە دووبارە باربکەرەوە بۆ جێبەجێکردنی گۆڕانکارییەکان.
PleaseSelect,Please Select,تکایە هەڵبژێرە
PleaseSelectStatut,Please Select Status,تکایە دۆخەکە هەڵبژێرە
PleaseSelectSupplier,Please Select Supplier,تکایە دابینکەر هەڵبژێرە
PleaseSelectThesebeforeaddinganyproduct,Please Select These before adding any product,تکایە پێش زیادکردنی هەر بەرهەمێک ئەمانە هەڵبژێرە
PleaseSelectWarehouse,Please Select warehouse before choose any product,تکایە پێش هەڵبژاردنی هەر بەرهەمێک کۆگا هەڵبژێرە
Please_add_return_quantity,Please add return quantity,تکایە زیادکردنی بڕی گەڕانەوە
Please_connect_before_syncing_clients,Please connect before syncing clients.,تکایە پێش هاوکاتکردنی مشتەرییەکان پەیوەندی بکەن.
Please_enter_credit_card_details,Please enter credit card details,تکایە وردەکارییەکانی کارتی بانکیی بنووسە
Please_enter_points_to_convert,Please enter points to convert,تکایە خاڵەکان دابنێ بۆ گۆڕینی
Please_fill_the_Email_Adress,Please fill the Email Address,تکایە ناونیشانی ئیمەیڵەکە پڕبکەرەوە
Please_fill_the_form_correctly,Please fill the form correctly,تکایە فۆڕمەکە بە دروستی پڕبکەرەوە
Please_follow_the_import_instructions,Please follow the import instructions,تکایە ڕێنماییەکانی هاوردەکردن جێبەجێ بکە
Please_provide_any_details,Please provide any details,تکایە هەر وردەکارییەک
Please_select_Account,Please select an account,تکایە ئەکاونتێک هەڵبژێرە
please_select_purchase,Please Select Purchase,تکایە کڕین هەڵبژێرە
Please_Select_Sale,Please Select Sale,تکایە فرۆشتن هەڵبژێرە
Please_Upload_the_Correct_Module,Please Upload the Correct Module,تکایە مۆدیۆلی دروست بار بکە
Please_use_short_name_of_unit,Please use short name of unit,تکایە ناوی کورتی یەکە بەکاربهێنە
Please_Wait_for_the_update,Please Wait for the update to finish completely. It is not recommended to close the browser or stop a process Upgrade,تکایە چاوەڕێ بکەن تا نوێکارییەکە بە تەواوی تەواو دەبێت. پێشنیار ناکرێت کە وێبگەڕەکە دابخەیت یان بەرزکردنەوەی پرۆسەکە بوەستێنیت
Please_wait_until_the_product_is_loaded,Please wait until the product is loaded,تکایە چاوەڕوان بن تا بەرهەمەکە بار دەکرێت
pointofsaleManagement,Point of Sale Management,بەڕێوەبردنی خاڵەکانی فرۆشتن
pointofsales,Point of Sales,خاڵی فرۆشتن
Points_Balance,Points Balance,هاوسەنگی خاڵەکان
Points_Earned,Points Earned,خاڵەکانی بەدەست هێنراو
Points_Redeemed,Points Redeemed,خاڵەکان Redeeded
PopularTendered,Popular Tendered,بەناوبانگ پێشکەش کراوە
PORT,MAIL_PORT,mail_port
pos.Add_to_cart,Add to cart,زیادکردن بۆ سەبەتە
pos.All_Brands,All Brands,هەموو براندەکان
pos.All_Categories,All Categories,هەموو پۆلەکان
pos.Available_Products,Available Products,بەرهەمە بەردەستەکان
pos.Checkout,Checkout,چێک ئاوت
pos.Clear_all_items,Clear all items,هەموو شتەکان پاک بکەرەوە
pos.Complete_and_process_payment,Complete and process payment,پارەدان تەواو و پرۆسێس بکە
pos.Decrease,Decrease,کەم کردنەوە
pos.Discount,Discount,داشکان
pos.Drafts_list,Drafts list,لیستی ڕەشنووسەکان
pos.Edit,Edit,بژارکردن
pos.Go_to_page,Go to page,بڕۆ بۆ پەیج
pos.Grand_Total,Grand Total,گراند تۆتال
pos.Hold,Hold,ڕاگرتن
pos.Hold_this_sale,Hold this sale,ئەم فرۆشتنە ڕابگرە
pos.Home,Home,ماڵەوە
pos.Increase,Increase,زیادکردن
pos.items,items,کەرەستەکان
pos.Next_Page,Next page,لاپەڕەی داهاتوو
pos.No_items_added,No items added,هیچ بابەتێک زیاد نەکراوە
pos.No_products_found,No products found,هیچ بەرهەمێک نەدۆزرایەوە
pos.Page,Page,پەیج
pos.Pay_Now,Pay Now,ئێستا پارە بدە
pos.Previous_Page,Previous page,لاپەڕەی پێشوو
pos.Processing,Processing...,پرۆسێسکردن...
pos.products,products,بەرهەمەکان
pos.Recent_Drafts,Recent Drafts,ڕەشنووسەکانی ئەم دواییە
pos.Remove,Remove,لابردن
pos.Reset,Reset,ڕێستکردنەوە
pos.Saving,Saving...,پاشەکەوتکردن...
pos.Select_products_from_right_panel,Select products from the right panel,بەرهەمەکان لە پانێڵی ڕاستەوە هەڵبژێرە
pos.Shipping,Shipping,ناردن
pos.Subtotal,Subtotal,کۆی گشتی
pos.Tax,Tax,باج
pos.Total_Payable,Total Payable,کۆی گشتی پارەدان
pos.will_be_applied,will be applied,جێبەجێ دەکرێت
Position,Position,شوێن
Post,Post,پۆست
Posted_Successfully,Posted successfully,بە سەرکەوتوویی پۆست کراوە
Post_Failed,Post failed,پۆستەکە شکستی هێنا
Pos_Settings,POS Settings,ڕێکخستنەکانی POS
POS_to_Woo,POS to WooCommerce,POS بۆ WooCommerce
POS_to_WooCommerce,POS to WooCommerce,POS بۆ WooCommerce
Prev,Prev,پێشتر
Preview,Preview,پێشبینی
Price,Price,نرخ
Price_below_min_not_allowed,Price below min not allowed,نرخ لە خوارەوە ڕێگە پێنەدراوە کەمترین
Price_Per_Cycle,Price Per Cycle,نرخ بۆ هەر خولێک
Price_Per_Unit,Price Per Unit,نرخ بۆ هەر یەکەیەک
PricingAndTax,Pricing And Tax,نرخ و باج
Primary_Color,Primary color,ڕەنگی سەرەکی
print,Print,چاپ
Printbarcode,Print Labels,چاپی لیبێڵەکان
ProblemCreatingThisInvoice,There was a problem creating this Invoice. Please try again,کێشەیەک هەبوو لە دروستکردنی ئەم فاکتورەیە. تکایە دووبارە هەوڵبدەرەوە
ProblemPayment,There was a problem Payment. Please try again.,پارەیەکی کێشەدار هەبوو. تکایە دووبارە هەوڵبدەرەوە.
Processing,Processing...,پرۆسێسکردن...
Product,Product,بەرهەم
ProductCode,Code,کۆد
ProductCodeName,Product (Code - Name),بەرهەم (کۆد - ناو)
ProductCost,Product Cost,تێچووی بەرهەم
ProductDetails,Product Details,وردەکارییەکانی بەرهەم
ProductHasMultiVariants,This Product Has Multi Variants,ئەم بەرهەمە چەندین جۆری هەیە
ProductHasPromotion,Product Has Promotion,بەرهەم هەیە Promotion
ProductImage,Product Image,وێنەی بەرهەم
Production,Production,بەرهەم هێنان
ProductManagement,Product Management,بەڕێوەبردنی بەرهەم
ProductName,Product Name,ناوی بەرهەم
ProductPrice,Product Price,نرخی بەرهەم
ProductQuantityAlerts,Product Quantity Alerts,ئاگادارکردنەوەی بڕی بەرهەم
Products,Products,بەرهەمەکان
ProductsExpired,Products Expired,بەرهەمەکان بەسەرچوو
productsList,All Products,هەموو بەرهەمەکان
ProductSummary,Product Summary,پوختەی بەرهەم
Products_in_Collection,Products in Collection,بەرهەمەکان لە کۆکردنەوە
products_refunded_alert,Any products with a quantity set to 0 won\'t be refunded,هەر بەرهەمێک کە بڕی دانرابێت بۆ 0 Won\'t دەگەڕێتەوە
ProductTax,Product Tax,باجی بەرهەم
ProductVariant,Product Variant,جۆری بەرهەم
Product_Cost,Product Cost,تێچووی بەرهەم
Product_Has_Imei_Serial_number,Product Has Imei/Serial Number,
product_name,Product Name,ناوی بەرهەم
Product_name_minimum_3_characters,Product name minimum 3 characters,ناوی بەرهەم کەمترین ٣ پیت
Product_Not_Found,Product Not Found,بەرهەم نەدۆزرایەوە
Product_purchases_report,Product purchases report,ڕاپۆرتی کڕینی بەرهەم
product_report,Products report,ڕاپۆرتی بەرهەمەکان
product_sales_report,Product sales report,ڕاپۆرتی فرۆشتنی بەرهەم
Professional_responsive_design,"Professional, responsive design",دیزاینی پیشەیی و وەڵامدەرەوە
profil,Profile,پرۆفایل
Profit,Profit,قازانج
ProfitandLoss,Profit and Loss,قازانج و زەرەر
Profit_Loss_Link,Profit & Loss,قازانج و زەرەر
Profit_Loss_Subtitle,Period performance overview.,تێڕوانینێکی گشتی بۆ ئەدای کارکردن.
Profit_Loss_Title,Profit & Loss,قازانج و زەرەر
Project,Project,پرۆژە
Projects,Projects,پڕۆژەکان
Project_List,Project List,لیستی پڕۆژەکان
PromotionEnd,Promotion End,کۆتایی پرۆمۆشن
PromotionPrice,Promotion Price,پرۆمۆشن نرخ
PromotionStart,Promotion Start,دەستپێکردنی پرۆمۆشن
Provider_Credit_Note,Provider Credit Note,تێبینی قەرزی دابینکەر
Provider_details,Provider details,وردەکارییەکانی دابینکەر
Province,Province,پارێزگا
Pull_From_Woo,Pull from WooCommerce,لە WooCommerce ڕابکێشە
Purchase,Purchase,کڕین
PurchaseAlreadyPaid,You cannot modify because this Purchase already paid,ناتوانی دەستکاری بکەیت چونکە ئەم کڕینەی پێشتر پارەی پێدراوە
PurchaseDetail,Purchase Detail,وردەکاری کڕین
PurchaseInvoice,Purchases payments,پارەدانی کڕین
Purchases,Purchases,کڕینەکان
PurchasesInvoicesData,Purchases payments data,داتاکانی پارەدان
PurchasesManagement,Purchases Management,بەڕێوەبردنی کڕینەکان
PurchasesReport,Purchases Report,ڕاپۆرتی کڕینەکان
PurchasesReturn,Purchases Return,کڕینەکان گەڕانەوە
Purchase_Cost,Purchase Cost,تێچووی کڕین
Purchase_Date,Purchase Date,بەرواری کڕین
Purchase_Info,Purchase Info,زانیاری کڕین
Purchase_Ref,Purchase Ref,REF REF
Purchase_Return,Purchase Return,گەڕانەوەی کڕین
Purchase_Returns,Purchase Returns,گەڕانەوەی کڕین
Purchase_return_due,Purchase return due,گەڕانەوەی کڕین Due
Purchase_Tax,Purchase Tax,باجی کڕین
QR_Code,QR Code,کۆدی QR
Qty,Qty,Qty
QtyAdded,Qty added,Qty زیادکرا
QtyBack,Qty Back,Qty Back
QtyMoved,Quantity moved,بڕی جووڵاو
QtyPurchased,Qty purchased,کڕدراو
QtyRemoved,Qty removed,Qty لابرا
qty_purchased,Qty purchased,کڕدراو
Qty_return,Qty return,Qty گەڕانەوە
qty_return_is_greater_than_qty_purchased,Qty return is greater than Qty purchased,گەڕانەوەی Qty زیاترە لە Qty کڕدراو
qty_return_is_greater_than_qty_sold,Qty return is greater than Qty sold,گەڕانەوەی Qty زیاترە لە Qty Sold
qty_return_is_greater_than_Quantity_Remaining,Qty return is greater than Quantity Remaining,Qty گەڕانەوە زیاترە لە بڕی ماوەتەوە
Qty_sold,Qty sold,Qty فرۆشرا
Quantity,Quantity,بڕ
Quantity_sold,Qty sold,Qty فرۆشرا
QuickBooks,QuickBooks,QuickBooks
Quickbooks_Sync,Quickbooks Sync,QuickBooks Sync
QuickRanges,Quick ranges,مەودای خێرا
QuotationComplete,This Quotation Complete,ئەم کۆتەیشنە تەواو بووە
Quotations,Quotations,وەرگێڕانەکان
QuotationsManagement,Quotations Management,بەڕێوەبردنی وەرگێڕان
Quotation_Ref,Quotation Ref,کۆتەیشن Ref
Quote,Quotation,وەرگرتن
QuoteAlready,This quote already has generate sale,ئەم کۆتەی پێشتر هەیە Sale ی هەیە
QuoteEmail,Send Quotation on Email,ناردنی وەرگێڕان لە ئیمەیڵ
Quote_Info,Quotation Info,زانیاری
Read,Read,خوێندنەوە
Realm,Realm,Realm
Realm_ID,Realm ID,Realm ID
Realm_ID_Hint,Company ID (realmId). Optional—set automatically after connect. Only fill if you know it and want to lock to a specific company.,ناسنامەی کۆمپانیا (Realmid). ئیختیارییە-دوای پەیوەندی بە شێوەیەکی ئۆتۆماتیکی ڕێکبخە. تەنها ئەگەر بزانیت پڕبکەرەوە و بتەوێت قفڵ بکەیت بۆ کۆمپانیایەکی دیاریکراو.
Real_time_item_updates,Real-time item updates,نوێکردنەوەی بابەتە لە کاتی ڕاستەقینەدا
Receipt,Receipt,ڕەچەتە
Received,Received,وەرگرت
Received_Amount,Received Amount,بڕی وەرگیراو
Recent_Drafts,Recent Drafts,ڕەشنووسەکانی ئەم دواییە
Recent_Sales,Recent Sales,فرۆشتنی ئەم دواییە
Recieved,Recieved,وەرگیرا
Recommended,Recommended,پێشنیاری کرد
Recu,Received,وەرگرت
Redirect_URI,Redirect URI,ئاڕاستەکردنەوە URI
Redirect_URI_active,Redirect URI (active),ئاڕاستەکردنی URI (چالاك)
Ref,Reference,سەرچاوە
Reference,Reference,سەرچاوە
Refresh,Refresh,نوێکردنەوە
Refresh_List,Refresh List,لیستی نوێکردنەوە
Refresh_Stats,Refresh Stats,نوێکردنەوەی ئامارەکان
RegisterClosed,Register closed successfully,تۆمارکردن بە سەرکەوتوویی داخراو
RegisterOpened,Register opened successfully,تۆمارکردن بە سەرکەوتوویی کرایەوە
remaining_cycles,remaining cycles,خولەکانی ماوەتەوە
Remaining_leave,Remaining leave,مۆڵەتی ماوەتەوە
remaining_leaves_are_insufficient,Remaining leaves are insufficient,گەڵاکانی ماوەتەوە بەس نین
Remove,Remove,لابردن
Remove_Stripe_Key_Secret,Delete Stripe API keys,سڕینەوەی کلیلی API
Report,Report,ڕاپۆرت
Reports,Reports,ڕاپۆرتەکان
Reports_payments_Purchases,Reports payments Purchases,ڕاپۆرتەکان کڕینی پارەدان
Reports_payments_Purchase_Return,Reports Purchase Return Payments,ڕاپۆرتەکان کڕینی گەڕانەوە پارەدان
Reports_payments_Return_Customers,Payments Return Customers,پارەدانەکان گەڕانەوەی کڕیاران
Reports_payments_Return_Suppliers,Payments Return Suppliers,پارەدانەکان دابینکەران
Reports_payments_Sales,Reports payments Sales,ڕاپۆرتەکانی پارەدان
Reports_payments_Sale_Return,Reports Sale Return Payments,ڕاپۆرتەکان فرۆشتن گەڕانەوەی گەڕانەوە
Report_Transactions,Report Transactions,ڕاپۆرتی مامەڵەکان
Required,Required,داواکراو
Reset,Reset,ڕێستکردنەوە
Reset_Password,Reset Password,وشەی نهێنی ڕێست بکەرەوە
Reset_Sync_State,Reset Sync State,دۆخی Sync Reset
Retail Price,Retail Price,نرخی تاکەکەسی
Retired,Retired,خانەنشین
Retournee,Return,گەڕانەوە
Retoursurcharge,Return Surcharge,پارەی زیادەی گەڕانەوە
Return,Return,گەڕانەوە
ReturnAlreadyPaid,You cannot modify because this Return already paid,تۆ ناتوانی دەستکاری بکەیت چونکە ئەم گەڕانەوەیە پێشتر پارەی پێدراوە
ReturnDashboard,Return to dashboard,گەڕانەوە بۆ داشبۆرد
ReturnDetail,Return Detail,وردەکاری گەڕانەوە
ReturnManagement,Return Management,بەڕێوەبردنی گەڕانەوە
Returns,Return,گەڕانەوە
ReturnsCustomers,Returns Customer,کڕیاری گەڕانەوە
ReturnsInvoices,Returns Invoices,گەڕانەوەی فاکتورەکان
ReturnsInvoicesData,Returns Invoices Data,داتاکانی فاکتورەکان دەگەڕێنێتەوە
ReturnsSuppliers,Returns Supplier,دابینکەری گەڕانەوە
Returns_Due,Returns (Due),گەڕانەوە (بەپێی)
Return_exist_for_the_Transaction,Return exist for the Transaction,گەڕانەوە بوونی هەیە بۆ مامەڵەکە
Return_Info,Info of Return,زانیاری لەسەر گەڕانەوە
Return_Ratio_Report,Return Ratio Report,ڕاپۆرتی ڕێژەی گەڕانەوە
Return_Ref,Return Ref,گەڕانەوەی REF
Revenue,Revenue,داهات
RoleDescription,Role Description,وەسفکردنی ڕۆڵ
RoleName,Role,ئەرک
Run_Manual_Sync_Now,Run manual sync now,ئێستا بە دەستی Sync جێبەجێ بکە
Sale,Sale,فرۆشتن
SaleAlreadyPaid,You cannot modify because this Sale already paid,تۆ ناتوانی دەستکاری بکەیت چونکە ئەم فرۆشتنە پێشتر پارەی داوە
SaleDetail,Sale Detail,وردەکاری فرۆشتن
Sales,Sales,فرۆشتن
SalesInvoice,Sales payments,پارەدانی فرۆشتن
SalesInvoicesData,Sales payments data,داتاکانی پارەدانی فرۆشتن
SalesManagement,Sales Management,بەڕێوەبردنی فرۆشتن
SalesReport,Sales Report,ڕاپۆرتی فرۆشتن
SalesReturn,Sales Return,گەڕانەوەی فرۆشتن
Sales_by_Brand,Sales by Brand,فرۆشتن بەپێی براند
Sales_by_Category,Sales by Category,فرۆشتن بەپێی پۆل
Sales_Due,Sales (Due),فرۆشتن (DUE)
Sales_Grand,Sales (Grand),فرۆشتن (گراند)
Sales_Paid,Sales (Paid),فرۆشتن (پارە)
Sales_Tax,Sales Tax,باجی فرۆشتن
Sales_today,Today Sales,ئەمڕۆ فرۆشتن
Sale_Completed_Thank_You,Sale Completed. Thank You!,فرۆشتن تەواو بوو. سوپاس!
sale_note,Sale Note,تێبینی فرۆشتن
Sale_Purchase_Ref,Sale/Purchase Ref,
sale_ref,Sale Ref,فرۆشتن Ref
Sale_Returns,Sale Returns,گەڕانەوەی فرۆشتن
Sandbox_company_test_data,Sandbox company (test data).,کۆمپانیای ساندبۆکس (زانیاری تاقیکردنەوە).
saturday_in,Saturday In,ڕۆژی شەممە لە
saturday_out,Saturday Out,ڕۆژی شەممە ئاوت دەرەوە
Save,Save,هەڵگرتن
Save All Changes,Save All Changes,هەموو گۆڕانکارییەکان هەڵبگرە
Saved_Credit_Cards,Saved Credit Cards,کارتی بانکیی پاشەکەوتکراو
Saved_Credit_Card_Info,Saved Credit Card Info,زانیاری کارتی بانکیی پاشەکەوت کراوە
Saved_successfully,Saved successfully,بە سەرکەوتوویی پاشەکەوت کراوە
Save_and_Close,Save and Close,پاشەکەوت بکە و دابخە
Save_Mapping,Save mapping,نەخشەسازی پاشەکەوت بکە
Saving,Saving...,پاشەکەوتکردن...
Scan,Scan,سکانکردن
Scan_Barcode,Barcode Scanner,بارکۆد سکانەر
Scan_QR_to_open_display,Scan this QR code to open the customer display on any device,ئەم کۆدەی QR سکان بکە بۆ کردنەوەی شاشەی کڕیار لەسەر هەر ئامێرێک
Scan_Search_Product_by_Code_Name,Scan/Search Product by Code Or Name,
Scan_URL_with_your_camera,Scan URL with your camera,URL سکان بکە بە کامێراکەت
Scan_your_barcode_and_select_the_correct_symbology_below,Scan your barcode and select the correct symbology below,بارکۆدەکەت سکان بکە و لە خوارەوە هێمای دروست هەڵبژێرە
Search,Search,گەڕان
SearchByCode,Search by Code,گەڕان بەپێی کۆد
SearchByEmail,Search By Email,گەڕان بە ئیمەیڵ
SearchByName,Search by Name,گەڕان بە ناو
SearchByPhone,Search by Phone,گەڕان لە ڕێگەی تەلەفۆنەوە
SearchProduct,Search Product,گەڕان بەدوای بەرهەمدا
Search_accounts,Search accounts,هەژمارەکانی گەڕان
Search_Brands,Search Brands,گەڕان بەدوای براندەکاندا
Search_by_name_email_subject,"Search by name, email, or subject",گەڕان بەپێی ناو، ئیمەیڵ، یان بابەت
Search_by_name_SKU_or_ID,"Search by name, SKU, or ID",گەڕان بە ناو، SKU، یان id
Search_Categories,Search Categories,پۆلەکانی گەڕان
Search_payments_ph,"Search payments (Ref, date, method)",گەڕان بەدوای پارەدان (سەرچاوە، بەروار، شێواز)
Search_products,Search products,گەڕان بەدوای بەرهەمەکاندا
Search_Product_by_Code_Name,Search Product by code or name,بەدوای بەرهەمدا بگەڕێ بەپێی کۆد یان ناو
Search_quotations_ph,"Search quotations (Ref, status, warehouse, customer)",وەرگێڕانی گەڕان (REF، دۆخ، کۆگا، کڕیار)
Search_returns_ph,"Search returns (Ref, status, payment status, sale ref, warehouse)","گەڕان گەڕانەوە (REF, دۆخ, دۆخی پارەدان, فرۆشتن REF, کۆگا)"
Search_sales_ph,"Search sales (Ref, status, payment status, warehouse, customer)",گەڕان بەدوای فرۆشتن (سەرچاوە، دۆخ، دۆخی پارەدان، کۆگا، کڕیار)
Search_this_table,Search this table,لەم خشتەیەدا بگەڕێ
Search_unsynced_by_name_email,Search unsynced by name/email...,
Secondary_Color,Secondary color,ڕەنگی لاوەکی
Security,Security,ئاسایش
SelectCustomer,please Select Customer,تکایە کڕیار هەڵبژێرە
selected,selected,هەڵبژێردراو
SelectPeriod,Select Period,ماوەی هەڵبژێرە
SelectProduct,Select Product,بەرهەم هەڵبژێرە
SelectSale,Select Sale,فرۆشتن هەڵبژێرە
SelectWarehouse,Please Select warehouse,تکایە کۆگا هەڵبژێرە
Select_Account,Select account,ئەکاونت هەڵبژێرە
Select_Customer,Select Customer,کڕیار هەڵبژێرە
Select_Employment_type,Select Employment type,جۆری دامەزراندن هەڵبژێرە
Select_Type,Select type,جۆر هەڵبژێرە
Select_Warehouse,Select Warehouse,کۆگا هەڵبژێرە
Seller,Seller,فرۆشیار
Seller_report,Seller Report,ڕاپۆرتی فرۆشیار
SellPrice,Sell price,نرخی فرۆشتن
Sell_Return,Sell Return,فرۆشتنی گەڕانەوە
Sell_return_due,Sell return due,گەڕانەوەی فرۆشتن Due Due
SendEmail,Email Send in successfully,ئیمەیڵ بنێرە بە سەرکەوتوویی بنێرە
Sender_Name,Sender Name,ناوی نێرەر
Send_Email,Send Email,ئیمەیڵ بنێرە
Send_Email_Receipt,Send Email Receipt,ناردنی ئیمەیڵ
Send_SMS,Send SMS,Sms بنێرە
Send_SMS_Receipt,Send SMS Receipt,ناردنی کورتەنامە
Sent,Send,ناردن
SEO,SEO,SEO
SEO_Description,SEO description,وەسفکردنی SEO
SEO_Title,SEO title,ناونیشانی SEO
Serial,Serial,زنجیرەیی
ServiceProduct,Service Product,بەرهەمی خزمەتگوزاری
Settings,Settings,ڕێکخستنەکان
Settings_saved_to_env,Settings saved to .env,ڕێکخستنەکان هەڵگیراون لە .env
Shipments,Shipments,بارەکان
shipment_ref,Shipment Ref,REF REF
Shipped,Shipped,ناردراو
Shipping,Shipping,ناردن
Shipping_status,Shipping Status,دۆخی ناردن
ShortName,Short Name,ناوی کورت
ShowAll,View all records of all Users,بینینی هەموو تۆمارەکانی هەموو بەکارهێنەران
Showing,Showing,پیشاندانی
ShowPayment,Show Payments,پارەدان پیشان بدە
Show_Address,Show Address,ناونیشان پیشان بدە
Show_barcode,Show barcode,بارکۆد پیشان بدە
Show_Customer,Show Customer,کڕیاری پیشان بدە
Show_Email,Show Email,ئیمەیڵ پیشان بدە
Show_failures,Show failures,شکستەکانی نیشان بدە
Show_Languages,Show Languages,زمانەکان پیشان بدە
Show_Note_to_customer,Show Note to customer,تێبینی پیشان بدە بۆ کڕیار
Show_Phone,Show Phone,مۆبایل پیشان بدە
Show_Tax_and_Discount,Show Tax & Discount & Shipping,باج و داشکاندن و گەیاندن پیشان بدە
Show_Warehouse,Show warehouse,کۆگای نمایش
SignIn,Sign In,بۆ چوونە ژوورەوە
SignUp,Sign Up,ناوت تۆمار بکە
SiteConfiguration,Site Configuration,ڕێکخستنی ماڵپەڕ
SiteName,Site Name,ناوی ماڵپەڕ
Size guide,Size guide,ڕێنمایی قەبارە
SKU,SKU,SKU
Skype,Skype,سکایپ
Slug,Slug,سلۆگ
sms_body,SMS body,بۆدی کورتەنامە
SMS_Configuration,SMS Configuration,ڕێکخستنی کورتەنامە
sms_config_invalid,wrong sms config invalid,هەڵە کورتەنامە config invalid
sms_notification,SMS notification,ئاگادارکردنەوەی کورتەنامە
sms_send_successfully,Message sent successfully,نامەیەک بە سەرکەوتوویی نێردراوە
sms_settings,Sms Settings,ڕێکخستنەکانی SMS
sms_templates,SMS Templates,SMS Templates
SMTPConfiguration,SMTP Configuration,ڕێکخستنی SMTP
SMTPIncorrect,SMTP Configuration Incorrect,ڕێکخستنی SMTP هەڵەیە
Social_Links,Social links,لینکە کۆمەڵایەتییەکان
Social_Media,Social Media,سۆشیال میدیا
Some_warehouses,Some Warehouses,هەندێک کۆگا
Source,Source,سەرچاوە
StandardProduct,Standard Product,بەرهەمی ستاندارد
start_date,Start date,بەرواری دەستپێکردن
Start_typing_to_search,Start typing to search,دەست بکە بە تایپکردن بۆ گەڕان
Status,Status,دۆخ
Status_Overview,Status Overview,تێڕوانینێکی گشتی بۆ دۆخ
Stock,Stock,کەرەستە
StockAdjustement,Adjustment,ڕێکخستن
StockAlert,Stock Alert,ئاگادارکردنەوە لە کۆگا
StockManagement,Stock Management,بەڕێوەبردنی ستۆک
StockTransfer,Stock Transfer,گواستنەوەی ستۆک
StockTransfers,Transfer,گواستنەوە
Stock_Adjustment_Report,Stock Adjustment Report,ڕاپۆرتی ڕێکخستنی ستۆک
Stock_Aging_Report,Stock Aging Report,ڕاپۆرتی پیربوونی ستۆک
STOCK_ON_HAND,STOCK ON HAND,کۆگا لەسەر دەست
stock_report,Stock Report,ڕاپۆرتی ستۆک
Stock_Transfer_Report,Stock Transfer Report,ڕاپۆرتی گواستنەوەی ستۆک
Store,Store,فرۆشگا
Store_Basics,Store basics,بنەماکانی فرۆشگا
Store_Logo,Store Logo,لۆگۆی فرۆشگا
Store_Name,Store name,ناوی فرۆشگا
Store_URL,Store URL,URL ی فرۆشگا
SubCategorie,Sub Category,پۆلی لاوەکی
Subject,Subject,بابەت
submit,Submit,پێشکەشکردن
Subscribed At,Subscribed at,سەبسکرایب کراوە لە
Subscribers,Subscribers,بەشداربووان
Subscriptions,Subscriptions,بەشداریکردن
Subscription_details,Subscription details,وردەکارییەکانی بەشداریکردن
Subscription_Product,Subscription Product,بەرهەمی بەشداریکردن
Subscription_status_updated_successfully,Subscription status updated successfully,دۆخی بەشداریکردن بە سەرکەوتوویی نوێکراوەتەوە
SubTotal,Subtotal,کۆی گشتی
Subtraction,Subtraction,کەمکردنەوە
Success,Success,سەرکەوتن
Successfully_Created,Successfully Created,بە سەرکەوتوویی دروستکراوە
Successfully_Generated_Count,Successfully Generated,بە سەرکەوتوویی دروستکرا
Successfully_Imported,Successfully Imported,بە سەرکەوتوویی هاوردە کراوە
Successfully_Logged_In,Successfully Logged In,بە سەرکەوتوویی چوونە ژوورەوە
Successfully_Updated,Successfully Updated,بە سەرکەوتوویی نوێکراوەتەوە
Summary,Summary,پوختە
sunday_in,Sunday In,یەکشەممە لە
sunday_out,Sunday Out,یەکشەممە ئاوت
Supplier,Supplier,دابینکەر
SupplierCode,Supplier Code,کۆدی دابینکەر
SupplierDetails,Supplier Details,وردەکارییەکانی دابینکەر
SupplierName,Supplier Name,ناوی دابینکەر
SupplierPaiementsReport,Supplier Payments Report,ڕاپۆرتی پارەدانی دابینکەر
SupplierPurchasesReport,Supplier Purchases Report,ڕاپۆرتی کڕینی دابینکەر
SupplierReport,Supplier Report,ڕاپۆرتی دابینکەر
Suppliers,Suppliers,دابینکەران
SuppliersManagement,Suppliers Management,بەڕێوەبردنی دابینکەران
SuppliersPaiementsReport,Suppliers Payments Report,ڕاپۆرتی پارەدانی دابینکەران
SuppliersReport,Suppliers Report,ڕاپۆرتی دابینکەران
Supplier_Info,Supplier Info,زانیاری دابینکەر
Supported_formats_JPG_PNG_GIF,"Supported formats: JPG, PNG, GIF","فۆرماتە پشتگیریکراوەکان: JPG, PNG, GIF"
Symbol,Symbol,هێما
Sync,Sync,هاوکاتکردن
Synced,Synced,هاوکات کراوە
Synced_Categories,Synced Categories,پۆلەکانی هاوکات
Synced_Products,Synced products,بەرهەمە هاوکاتەکان
Syncing,Syncing,هاوکاتکردن
Syncing_Products,Syncing products,بەرهەمەکانی هاوکاتکردن
Sync_All_Clients,Sync All Clients,هەموو مشتەرییەکان هاوکات بکە
Sync_Categories,Sync categories,پۆلەکانی SYNC
Sync_Completed,Sync completed,سینک تەواو بوو
Sync_Failed,Sync failed,Sync شکستی هێنا
Sync_Interval,Sync interval,سینک ئینتەرڤاڵ
Sync_Only_Unsynced,Sync only unsynced,سینک تەنها unsynced
Sync_Orders,Sync orders,فەرمانەکانی هاوکاتکردن
Sync_Products,Sync products,Sync Products
Sync_Selected,Sync Selected,Sync هەڵبژێردراو
Sync_selected_failed,Sync selected failed,Sync هەڵبژێردرا شکستی هێنا
Sync_Stock_Now,Sync stock now,ئێستا کۆگا Sync
SystemSettings,System Settings,ڕێکخستنەکانی سیستەم
Tag,Tag,نیشانە
Tasks,Tasks,ئەرکەکان
Task_List,Task List,لیستی ئەرکەکان
Tax,Tax,باج
Taxable_Base,Taxable base,بنکەی باجخواز
Taxable_Purchases,Taxable Purchases,کڕینی باجخواز
Taxable_Sales,Taxable Sales,فرۆشتنی باجخواز
TaxesOverTime,Taxes Over Time,باج بە تێپەڕبوونی کات
TaxMethod,Tax Type,جۆری باج
TaxName,Tax Name,ناوی باج
TaxRate,Tax Rate,ڕێژەی باج
Tax_Collected,Tax collected,باج کۆکراوەتەوە
Tax_Number,Tax Number,ژمارەی باج
Tax_Payable,Tax payable to authorities,باج دەدرێت بە دەسەڵاتداران
Tax_Rate,Tax rate,ڕێژەی باج
Tax_Refund,Tax refund expected,گەڕانەوەی باج چاوەڕوان دەکرێت
Tax_Summary_Link,Tax Summary,پوختەی باج
Tax_Summary_Report,Tax Summary Report,ڕاپۆرتی پوختەی باج
Testing,Testing,تاقیکردنەوە
Test_Connection,Test connection,پەیوەندی تاقیکردنەوە
Thank_you_for_shopping_with_us,Thank you for shopping with us,سوپاس بۆ بازاڕکردن لەگەڵ ئێمە
Thank_you_for_your_business,Thank you for shopping with us . Please come again,سوپاس بۆ بازاڕکردن لەگەڵ ئێمە . تکایە جارێکی تر وەرە
Thank_you_for_your_purchase,Thank you for your purchase!,سوپاس بۆ کڕینەکەت!
Theme_support_dark_light,Dark and light theme support,پشتگیری تەوەرەی تاریک و ڕووناکی
There_are,There are,هەن
The_module_must_be_uploaded_as_zip_file,The module must be uploaded as zip file,مۆدیولەکە دەبێت وەک فایلێکی زیپ بار بکرێت
The_password_confirmation_does_not_match,The password confirmation does not match,پشتڕاستکردنەوەی وشەی نهێنی ناگونجێت
ThisMonth,This Month,ئەم مانگە
ThisToday,This Today,ئەمڕۆ ئەمڕۆ
ThisWeek,This Week,ئەم هەفتەیە
ThisYear,This Year,ئەمساڵ
This_password_reset_token_is_invalid,This password reset token is invalid,ئەم تۆکنەی کە وشەی نهێنی ڕێست دەکاتەوە نادروستە
This_Product_Not_For_Selling,This Product Not For Selling,ئەم بەرهەمە بۆ فرۆشتن نییە
This_user_not_active,This user not active,ئەم بەکارهێنەرە چالاک نییە
This_Week_Sales_Purchases,This Week Sales & Purchases,ئەم هەفتەیە فرۆشتن و کڕینەکان
thursday_in,Thursday In,پێنجشەممە لە
thursday_out,Thursday Out,پێنجشەممە ئاوت
Time_In,Time In,کات لە
Time_Out,Time Out,تایم ئاوت
Time_Zone,Time Zone,ناوچەی کات
Tip,Tip,سەرنج
Tip_reorder_products_for_priority,Tip: Reorder products to set their display priority.,ئامۆژگاری: بەرهەمەکان ڕێکبخەنەوە بۆ ئەوەی ئەولەویەتی نمایشەکەیان دابنێن.
title,Title,ناونیشان
Title_and_Slug_required,Title and Slug are required.,تایتڵ و سلۆگ پێویستە.
to,To,بۆ
Today,Today,ئەمڕۆ
Today_Sales,Today Sales,ئەمڕۆ فرۆشتن
Toggle_to_show_on_home_and_use_arrows_to_reorder,Toggle to show on home and use arrows to reorder,Toggle بۆ ئەوەی لە ماڵەوە نیشان بدەیت و تیر بەکاربهێنە بۆ ڕێکخستنەوەی دووبارە
Tokens_secure_time_limited,Tokens are secure and time-limited,تۆکنەکان پارێزراون و کات سنووردار دەکەن
Token_expired_A,Generate a new token and update the display device with the new URL.,تۆکنێکی نوێ دروست بکە و بە URL ی نوێ ئامێری پیشاندانی نوێ بکەرەوە.
Token_expired_Q,Token expired?,تۆکن بەسەرچوو؟
Token_expires_24h,Each token expires automatically in 24 hours,هەر تۆکنێک لە ماوەی ٢٤ کاتژمێردا بە شێوەیەکی ئۆتۆماتیکی بەسەر دەچێت
Top5Products,Top 5 Products,5 بەرهەمی سەرەکی
Topbar_and_Footer,Topbar & footer,تۆپبار و فۆتەر
Topbar_Text_Left,Topbar text (left),دەقی تۆپبار (چەپ)
Topbar_Text_Right,Topbar text (right),دەقی تۆپبار (ڕاست)
TopCustomers,Top 5 Customers,5 کڕیاری سەرەکی
TopRoutes,Top routes,ڕێگاکانی سەرەوە
TopSuppliers,Top 5 Suppliers,5 دابینکەری سەرەکی
TopSuppliersByQty,Top suppliers by quantity,سەرەکیترین دابینکەران بەپێی بڕی
TopSuppliersByValue,Top suppliers by value,سەرەوە دابینکەران بەپێی بەها
Top_customers,Best customers,باشترین کڕیاران
Top_Selling_Products,Top Selling Products,باشترین بەرهەمە فرۆشراوەکان
Top_Suppliers_Report,Top Suppliers Report,ڕاپۆرتی سەرەکی دابینکەران
Total,Total,کۆ
TotalAmount,Total Amount,کۆی گشتی بڕی
TotalCost,Total Cost,کۆی تێچوون
TotalInflow,Total Inflow,کۆی گشتی هاتنە ژوورەوە
TotalOutflow,Total Outflow,کۆی گشتی دەرچوون
TotalPaid,Total Paid,کۆی گشتی پارەدار
TotalPaidExceedsGrandTotalForMultiPayment,Total Paid Exceeds Grand Total,کۆی گشتی پارەدار زیاترە لە کۆی گشتی
TotalPaying,Total Paying,کۆی گشتی پارەدان
TotalProducts,Total Products,کۆی گشتی بەرهەمەکان
TotalPurchases,Total Purchases,کۆی گشتی کڕینەکان
TotalQuantity,Total Quantity,کۆی گشتی بڕی
TotalReturn,Total Return,کۆی گشتی گەڕانەوە
TotalReturns,Total Returns,کۆی گشتی گەڕانەوەی
TotalSales,Total Sales,کۆی گشتی فرۆشتن
TotalSpend,Total spend,کۆی گشتی خەرجییەکان
Total_adjustments,Total adjustments,کۆی گشتی ڕێکخستنەکان
Total_Amount,Total Amount,کۆی گشتی بڕی
Total_Amount_Paid,Total Amount Paid,کۆی گشتی بڕە پارەکە
Total_Cash,Total Cash,کۆی گشتی پارەی نەختینەیی
Total_Categories,Total Categories,کۆی گشتی پۆلەکان
Total_Cheque,Total Cheque,کۆی گشتی پشکنین
Total_Clients,Total Clients,کۆی گشتی کڕیارەکان
Total_Credit,Total Credit,کۆی گشتی کریدت
Total_Credit_Card,Total Credit Card,کۆی گشتی کارتی بانکیی
Total_Customers_Due,Total Debt,کۆی قەرز
total_cycles,total cycles,کۆی گشتی سوڕەکان
Total_Debit,Total Debit,کۆی گشتی بانکی
Total_Deposits,Total Deposits,کۆی گشتی کۆگاکان
Total_Discount,Total discount,کۆی گشتی داشکاندن
Total_Expense,Total Expense,کۆی گشتی خەرجییەکان
Total_Expenses,Total Expenses,کۆی گشتی خەرجییەکان
Total_Income,Total Income,کۆی گشتی داهات
Total_Items_Quantity,Total Items & Quantity,کۆی گشتی شتەکان و بڕی
Total_Payable,Total Payable,کۆی گشتی پارەدان
Total_Products,Total products,کۆی گشتی بەرهەمەکان
Total_Purchases,Total Purchases,کۆی گشتی کڕینەکان
Total_Purchase_Due,Total Purchase Due,کۆی گشتی کڕین
Total_Purchase_Return_Due,Total Purchase Return Due,کۆی گشتی گەڕانەوەی کڕین دەبێت
Total_quotations,Total Quotations,کۆی گشتی وەرگیراوەکان
Total_return_purchases,Total return purchases,کۆی گشتی کڕینەکانی گەڕانەوە
Total_return_sales,Total return sales,کۆی گشتی فرۆشتنی گەڕانەوە
Total_Sales,total sales,کۆی گشتی فرۆشتن
Total_Sales_Amount,Total Sales Amount,کۆی گشتی بڕی فرۆشتن
Total_Sale_Due,Total Sale Due,کۆی گشتی فرۆشتن لە کاتی خۆیدا
Total_Sell_Return_Due,Total Sell Return Due,کۆی گشتی گەڕانەوەی فرۆشتن دەبێت
Total_Suppliers_Due,Total Debt,کۆی قەرز
Total_transfers,Total transfers,کۆی گشتی گواستنەوەکان
ToWarehouse,To Warehouse,بۆ کۆگا
To_Account,To Account,بۆ حسابکردن
Transaction_Summary,Transaction Summary,پوختەی مامەڵە
TransferDetail,Transfer Detail,وردەکاری گواستنەوە
Transfers,Transfers,گواستنەوە
TransfersOverTime,Transfers over time,گواستنەوە بە تێپەڕبوونی کات
Transfers_Money,Transfers Money,گواستنەوە پارە
Translation added,Translation added,وەرگێڕان زیادکراوە
Translation updated,Translation updated,وەرگێڕان نوێکراوەتەوە
Translations,Translations,وەرگێڕانەکان
Translations for,Translations for,وەرگێڕانەکان بۆ
Trial_Balance_Link,Trial Balance,هاوسەنگی تاقیکردنەوە
Trial_Balance_Subtitle,Summarized debit/credit by account.,
Trial_Balance_Title,Trial Balance,هاوسەنگی تاقیکردنەوە
Troubleshooting,Troubleshooting,چارەسەرکردنی کێشەکان
Tuesday_In,Tuesday In,سێشەممە لە
tuesday_out,tuesday Out,سێشەممە دەرەوە
TWILIO_SMS,TWILIO SMS,Twilio SMS
Twitter,Twitter,تویتەر
type,Type,جۆر
Typical,Typical,نموونەیی
Unconverted,Unconverted,نەگۆڕاو
Unit,Unit,یەکە
Unitcost,Unit cost,تێچووی یەکەی
UnitPrice,Unit Price,یەکەی نرخ
UnitProduct,Product Unit,یەکەی بەرهەم
UnitPurchase,Purchase Unit,یەکەی کڕین
Units,Unit,یەکە
UnitSale,Sale Unit,یەکەی فرۆشتن
UnitsPrchases,Purchases Units,یەکەکانی کڕین
UnitsSales,Sales Units,یەکەکانی فرۆشتن
Unit_already_linked_with_sub_unit,Unit already linked with sub unit,یەکەی پێشتر بە یەکەیەکی لاوەکی بەستراوەتەوە
Unknown,Unknown,نەزانراو
Unpaid,Unpaid,بێ مووچە
Unread,Unread,Unread
Unread_only,Unread only,نەخوێندنەوە تەنها
Unsaved_changes_may_be_lost,Unsaved changes may be lost,ڕەنگە گۆڕانکارییە ڕزگارنەکراوەکان لەدەست بدرێن
Unsynced_Product_Count,Unsynced product count,ژماردنی بەرهەمە بێ هاوپێچەکان
Untitled,Untitled,بێ ناونیشان
Updat,Update,نوێکردنەوە
Update Language,Update Language,نوێکردنەوەی زمان
Updated,Updated,نوێکراوەتەوە
Updated_in_successfully,Updated in successfully,نوێکراوەتەوە لە بە سەرکەوتوویی
UpdateProduct,Update Product,بەرهەمی نوێکردنەوە
Update_Available,Update Available,نوێکردنەوە بەردەستە
Update_Log,Update Log,نوێکردنەوەی لۆگ
Update_Now,Update Now,ئێستا نوێ بکەرەوە
Update_Payment,Update Payment,پارەدانی نوێکردنەوە
update_settings,Upgrade,بەرزکرنەوە
Update_Status,Update status,دۆخی نوێکردنەوە
Uploaded,Uploaded,Uploaded
Uploaded_Success,Uploaded in successfully,Uploaded in بە سەرکەوتوویی
Upload_Module,Upload Module,مۆدیۆلی بارکردن
"Use 2x for retina (e.g., 2400×1200).","Use 2x for retina (e.g., 2400×1200).",2x بۆ تۆڕی چاو بەکاربهێنە (بۆ نموونە، 2400×1200).
Used_for_media_upload_fallback,Used for media upload fallback,بەکاردێت بۆ Media Upload fallback
User,User,بەکارهێنەر
UserImage,User Image,وێنەی بەکارهێنەر
UserManagement,Users management,بەڕێوەبردنی بەکارهێنەران
username,Username,ناوی بەکارهێنەر
UserPermissions,Users Permissions,مۆڵەتی بەکارهێنەران
Users,Users,بەکارهێنەران
Users_Report,Users Report,ڕاپۆرتی بەکارهێنەران
User_report,User Report,ڕاپۆرتی بەکارهێنەر
Use_Saved_Credit_Card,Use Saved Credit Card,بەکارهێنانی کارتی بانکیی پاشەکەوتکراو
Use_search_to_add_products,Use search to add products,گەڕان بەکاربهێنە بۆ زیادکردنی بەرهەم
Use_This,Use This,ئەمە بەکاربهێنە
Validation,Validation,ڕەچاوکردن
Value,Value,بەها
ValueMoved,Value moved,بەها جووڵاوە
Value_by_Cost_and_Price,Value by Cost and Price,بەها بەپێی تێچوون و نرخ
VariableProduct,Variable Product,بەرهەمی گۆڕاو
Variant,Variant,جۆر
VariantDuplicate,This Variant Is Duplicate !!,ئەم جۆرە دووبارەیە !!
variants,Variants,جۆرەکانی
Variant_code,Variant code,کۆدی جۆر
Variant_cost,Variant cost,تێچووی جۆر
Variant_NAME,Variant Name,ناوی جۆر
Variant_price,Variant price,نرخى جۆر
VAT_Number,VAT Number,ژمارەی زێدەباری
Vendors,Vendors,فرۆشیاران
View,View,دیمەن
View_all,View all,بینینی هەموو
View_Change_Log,View Change Log,بینینی لۆگ
View_Details,View Details,بینینی وردەکارییەکان
view_employee,view employee,بینینی کارمەند
View_Logs,View logs,بینینی لۆگەکان
Visible,Visible,دیارە
Visit_Online_Store,Visit Online Store,سەردانی فرۆشگای ئۆنلاین بکە
Waiting_for_Items,Waiting for Items,چاوەڕوانی شتومەک
warehouse,Warehouse,کۆگا
WarehouseIdentical,The two warehouses cannot be identical !!,دوو کۆگاکە ناتوانن یەکسان بن !!
Warehouses,Warehouse,کۆگا
WarehouseStockChart,Warehouse Stock Chart,هێڵکاری کۆگا
Warehouse_report,Warehouses report,ڕاپۆرتی کۆگاکان
Warning,Warning,ئاگادار کردنەوە
WarrantyTerms,Warranty Terms,مەرجەکانی گەرەنتی
Warranty_Guarantee_Tracking,Warranty & Guarantee Tracking,گەرەنتی و گرەنتی بەدواداچوون
Warranty_Period,Warranty Period,ماوەی گەرەنتی
wednesday_in,Wednesday In,چوارشەممە لە
wednesday_out,Wednesday Out,چوارشەممە ئاوت
Welcome,Welcome,بەخێربێیت
Welcome_back_message,"Welcome back, {username}! Here's what's happening today.",بەخێر بێیت، {ناوی بەکارهێنەر}! لێرەدا ئەمڕۆ چی ڕوودەدات.
Welcome_to_your_Dashboard,Welcome to your Dashboard,بەخێربێن بۆ داشبۆردەکەت
We_cant_find_a_user_with_that_email_addres,We can\'t find a user with that email addres,ئێمە ناتوانین بەکارهێنەرێک بدۆزینەوە کە ئەو ئیمەیڵەی Addres ی هەبێت
We_have_emailed_your_password_reset_link,We have e-mailed your password reset link,ئێمە لینکی ڕێستکردنی وشەی نهێنیمان ناردووە
WhatsApp,WhatsApp,واتسئەپ
When,When,کەی
Wholesale_Price,Wholesale Price,نرخی جوملە
WooCommerce,WooCommerce,WooCommerce
WooCommerce_Settings,WooCommerce Settings,ڕێکخستنەکانی WooCommerce
WooCommerce_to_POS,WooCommerce to POS,WooCommerce بۆ POS
Woo_ID,Woo ID,Woo ID
Work_Duration,Work Duration,ماوەی کارکردن
WP_Application_Password_Optional,WP Application Password (Optional),وشەی نهێنی بەرنامەی WP (هەڵبژاردە)
WP_Username_Optional,WP Username (Optional),ناوی بەکارهێنەری WP (ئۆپشناڵ)
Years,Years,ساڵ
Yes,Yes,بەڵێ
Your_Password_has_been_changed,Your Password has been changed,وشەی نهێنی تۆ گۆڕدراوە
You_already_have_the_latest_version,You already have the latest version,پێشتر نوێترین وەشانیت هەیە
you_are_not_authorized,Sorry! you are not authorized.,ببوورە! تۆ ڕێگەپێدراو نیت.
You_cannot_delete_the_default_language,You cannot delete the default language,ناتوانیت زمانی پێشوەختە بسڕیتەوە
You_cant_edit_or_remove_default_payment_choices,You can\'t edit or remove default payment choices,تۆ دەتوانیت دەستکاری یان لابردنی هەڵبژاردەکانی پارەدانی پێشوەختە بکەیت
You_will_find_your_backup_on,You will find your backup on,تۆ پاشەکەوتەکەت لە
YTD,Year to date,ساڵ تا ئێستا
ZeroPardefault,You can delete the item or set the quantity returned to zero if it is not returned,دەتوانیت ئەو بابەتە بسڕیتەوە یان ئەو بڕە دابنێیت کە گەڕاوەتەوە بۆ سفر ئەگەر نەگەڕاوەتەوە
Zero_Sales_Products_Report,Zero Sales Products Report,ڕاپۆرتی سفری بەرهەمەکانی فرۆشتن
Zero_total_no_payment_required,Zero total no payment required,کۆی گشتی سفر پێویست بە پارەدان ناکات
ZipCode,Zip Code,کۆدی زیپ
Zip_code,Zip code,کۆدی زیپ